{
  "About US": "\u00dcBER UNS",
  "Easy Move Europe is a online digital platform that connects companies and private persons to a huge van network, simplifying and making relocation of personal and business assets affordable.": "Easy Move Europe ist eine digitale Online-Plattform, die Unternehmen und Privatpersonen mit einem riesigen Transporter-Netzwerk verbindet und den Umzug von Privat- und Gesch\u00e4ftsverm\u00f6gen vereinfacht und erschwinglich macht.",
  "It all came about when the company founder entered the US domestic moving business. After working 4 years in the sector, he moved to Romania, where he rejoined another transport company and acquired even more expertise in this business. After a few more years and being frustrated by the way companies failed to provide a high quality service and seeing a great opportunity there, he decided to let his entrepreneurial side speak louder and start his own business. There, Easy move Europe was born.": "Alles entstand, als der Firmengr\u00fcnder in das US-amerikanische Umzugsgesch\u00e4ft einstieg. Nachdem er 4 Jahre in der Branche gearbeitet hatte, zog er nach Rum\u00e4nien, wo er zu einem anderen Transportunternehmen zur\u00fcckkehrte und noch mehr Know-how in diesem Gesch\u00e4ft erwarb. Nach ein paar weiteren Jahren und frustriert dar\u00fcber, wie Unternehmen keinen qualitativ hochwertigen Service bieten konnten und dort eine gro\u00dfe Chance sahen, beschloss er, seine unternehmerische Seite lauter sprechen zu lassen und sein eigenes Unternehmen zu gr\u00fcnden. Dort wurde Easy move Europe geboren.",
  "We are currently able to meet any existing demand and the more than 37,000 vans that are part of our network give us the ability to offer our customers the best prices without compromising on quality. To support all of this we have a team of experts who really do what they love and are adequately compensated so they can go beyond the obvious.": "Wir sind derzeit in der Lage, jede bestehende Nachfrage zu befriedigen, und die mehr als 37.000 Transporter, die Teil unseres Netzwerks sind, geben uns die M\u00f6glichkeit, unseren Kunden die besten Preise anzubieten, ohne Kompromisse bei der Qualit\u00e4t einzugehen. Um all dies zu unterst\u00fctzen, haben wir ein Team von Experten, die wirklich das tun, was sie lieben und angemessen entsch\u00e4digt werden, damit sie \u00fcber das Offensichtliche hinausgehen k\u00f6nnen.",
  "\"In business and relationships, my rule is to act with others the way we would like others to act with me, because that way we will always be fair\u201d": "\"In Gesch\u00e4ften und Beziehungen ist es meine Regel, mit anderen so zu handeln, wie wir m\u00f6chten, dass andere mit mir handeln, denn auf diese Weise werden wir immer fair sein.\"",
  "Vans across Europe": "Europas.",
  "Logistics experts": "Logistik-Experten",
  "Years of experience": "Langj\u00e4hrige Erfahrung",
  "Happy clients": "Zufriedene Kunden",
  "I am already member": "Ich bin bereits Mitglied:",
  "Account Details": "Kontodetails",
  "So we know where to contact you": "So wissen wir, wo wir Sie erreichen k\u00f6nnen",
  "I agree to join EasyMoveEurope\u2019s mailing list": "Ich bin damit einverstanden, der Mailingliste von EasyMoveEurope beizutreten",
  "Company details": "Firmendetails",
  "Enables long-term benefits & VAT deduction": "Erm\u00f6glicht langfristige Vorteile",
  "Please input company name": "Bitte die Firma angeben",
  "Please input contact name": "Bitte geben Sie den Kontaktnamen ein",
  "Please input company country": "Bitte geben Sie Ihr Land ein",
  "Vat ID not in valid format": "Umsatzsteuer-Identifikationsnummer nicht im g\u00fcltigen Format",
  "Tell us more about your company": "Erz\u00e4hl uns mehr \u00fcber dein Unternehmen",
  "We will use this information to tailor your service experience": "Wir verwenden diese Informationen, um Ihre Serviceerfahrung anzupassen",
  "&lt; 5": "NO QUERY SPECIFIED. EXAMPLE REQUEST: GET?Q=HELLO&LANGPAIR=EN|IT",
  "5-20": "5-20",
  "25+": "25",
  "Domestic": "Inland",
  "International": "International",
  "Get\u2019s started": "Erste Schritte",
  "Please Register to continue with us": "Bitte registrieren Sie sich, um mit uns fortzufahren",
  "Already have an account?": "Du hast schon ein Kundenkonto?",
  "Login": "Anmelden",
  "Create an account": "Erstelle ein Konto",
  "Log In": "Einloggen",
  "Don 't have an account?": "Sie haben noch kein Konto?",
  "Register": "Register",
  "Or login with": "Oder Anmeldung mit",
  "Forgot Password?": "Passwort vergessen?",
  "You can reset your password here.": "Hier k\u00f6nnen Sie Ihr Passwort f\u00fcr die Mailingliste neu setzen, falls Sie es zum Beispiel vergessen haben.",
  "Sign up": "Registrieren",
  "Terms of service": "Nutzungsbedingungen",
  "Upcoming Booking": "Bevorstehende Buchung",
  "Previous Bookings": "Fr\u00fchere Buchungen",
  "date": "Datum",
  "Slot time": "Slot-Zeit",
  "9:30am - 11:30am": "9:30AM - 11:30AM",
  "12:30pm - 2:30pm": "12:30PM - 2:30PM",
  "Registration Number": "Registriernummer",
  "Price": "Preis",
  "Overview": "\u00dcberblick",
  "Upcoming Service": "Bevorstehender Service",
  "Past Service": "abgeleistete Dienstzeit",
  "Sr.No.": "Lfd. Nr.",
  "Pickup": "Aufheben",
  "Destination": "Reiseziel",
  "Date": "Datum",
  "Value": "Wert",
  "collection_day": "Tag der Abholung",
  "Profile Details": "Kontodetails",
  "ID:": "ID:",
  "Company Name:": "Unternehmensname:",
  "Phone:": "Telefon:",
  "Company Country:": "Firmenanschrift Land",
  "VAT-ID:": "Umsatzsteuer-ID des",
  "Close": "Schlie\u00dfen",
  "Save changes": "\u00c4nderungen speichern",
  "Company Name": "Name des Unternehmens",
  "Email": "E-Mail-Adresse",
  "Phone": "Telefon",
  "Company Country": "Firmenanschrift Land",
  "VAT-ID": "Umsatzsteuer-ID",
  "Password": "Passwort",
  "Password:": "Passwort:",
  "New Password:": "Neues Passwort:",
  "Confirm Password:": "Passwort best\u00e4tagen",
  "Contact us": "Kontaktieren Sie uns",
  "Location:": "Standort:",
  "A108 Adam Street, New York, NY 535022": "A108 Adam Street, New York, NY 535022",
  "Email:": "E-Mail:",
  "Call:": "Telefon:",
  "Loading": "Laden",
  "Your message has been sent. Thank you!": "Ihre Nachricht wurde gesendet. Danke!",
  "Send Message": "Nachricht senden",
  "New Order": "Neue Bestellung",
  "Dedicated Van Service": "Engagierter Van-Service",
  "For residential or commercial move,": "F\u00fcr Wohn- oder Gewerbeumz\u00fcge,",
  "Type to search": "Tippe, um zu suchen",
  "Austria": "\u00d6sterreich",
  "Belgium": "Belgien",
  "Bulgaria": "Bulgarien",
  "Croatia": "Kroatien",
  "Czech Republic": "Tschechische Republik",
  "Denmark": "D\u00e4nemark",
  "Estonia": "Estland",
  "Finland": "Finnland",
  "France": "Frankreich",
  "Germany": "Deutschland",
  "Greece": "Griechenland",
  "Hungary": "Ungarn",
  "Ireland": "Irland",
  "Italy": "Italien",
  "Latvia": "Lettland",
  "Lithuania": "Litauen",
  "Luxembourg": "Luxembourg",
  "Netherlands": "Niederlande",
  "Norway": "Norwegen",
  "Poland": "Polen",
  "Portugal": "Portugal",
  "Romania": "Rum\u00e4nien",
  "Serbia": "Serbien",
  "Slovakia": "Slowakei",
  "Slovenia": "Slowenien",
  "Spain": "Spanien",
  "Sweden": "Schweden",
  "Switzerland": "Schweiz",
  "United Kingdom": "Vereintes K\u00f6nigreich",
  "Continue": "Weiter",
  "How it works": "So funktioniert es",
  "Enter the addresses": "Geben Sie die Adresse",
  "Get the price instantly": "Holen Sie sich den Preis sofort",
  "Book the transport": "Buchen Sie den Transport",
  "Prepare your goods": "Bereiten Sie Ihre Waren vor",
  "Collection": "Sammlung",
  "Delivery": "Lieferung",
  "For your company or for a private move, the dedicated van service is the ideal solution.": "F\u00fcr Ihr Unternehmen oder f\u00fcr einen privaten Umzug ist der engagierte Transporterservice die ideale L\u00f6sung.",
  "Advantages:": "Vorteile:",
  "Rodrigo Farias": "Rodrigo Farias",
  "Entrepreneu": "Entrepreneu",
  "Ava Williams": "Ava Williams",
  "Client from UK": "Kunde aus Gro\u00dfbritannien",
  "Frequently Asked Questions": "H\u00e4ufig gestellte Fragen (FAQ)",
  "Hazardous goods:": "Gefahrgut:",
  "Illegal goods:": "Illegale Waren:",
  "Livestock:": "Tierhaltung",
  "Money:": "Geld",
  "Securities:": "Sicherheiten:",
  "Contact details": "Kontaktdaten",
  "Van Type": "Van Typ",
  "Add-ons": "Add-ons",
  "Content": "Inhalt",
  "EasyMoveEurope": "EasyMoveEurope",
  "Dashboard": "Dashboard",
  "My Profile": "Profil",
  "Useful Links": "N\u00fctzliche Links",
  "Home": "Startseite",
  "About us": "\u00dcber uns",
  "Terms and Conditions": "Allgemeine Gesch\u00e4ftsbedingungen",
  "Contact Us": "Kontakt",
  "Contact": "Kontakt",
  "Open Account": "Konto er\u00f6ffnen",
  "English": "Englisch",
  "Deutsch": "Deutsch",
  "Italiano": "Italiano",
  "Fran\u00e7ais": "Fran\u00e7ais",
  "Espa\u00f1ol": "Espa\u00f1ol",
  "Polish": "Polnisch",
  "Romanian": "rum\u00e4nisch",
  "No": "Nein",
  "Pickup Date": "Abholdatum",
  "Order Number": "Bestellnummer",
  "To pay": "Zu bezahlen",
  "Status": "Status",
  "From": "Von",
  "To": "Nach",
  "Credit / Debit Card": "Kredit-/Debitkarte",
  "Proceed Payment With Debit / Card.": "Fahren Sie mit der Zahlung mit Debit / Karte fort.",
  "Bank Transfer": "Bank\u00fcberweisung",
  "Proceed Payment With Bank Transfer.": "Fahren Sie mit der Zahlung per Bank\u00fcberweisung fort.",
  "Payment Details": "Zahlungsdetails",
  "Name on Card": "Karteninhaber",
  "Card Number": "Kartennummer",
  "CVC": "Sicherheitscode (CVC)",
  "Expiration Month": "Ablaufmonat",
  "Expiration Year": "Ablaufjahr",
  "Fix the errors before you begin.": "Beheben Sie die Fehler, bevor Sie beginnen.",
  "Order Information": "Bestellinformationen",
  "Get a price": "Jetzt Pr\u00e4mie berechnen>>",
  "Who orders?": "Wer bestellt?",
  "Company": "Unternehmen",
  "Private Person": "Privatperson",
  "Pickup Address": "Abholadresse",
  "COUNTRY": "Staat",
  "Please select the country": "Bitte w\u00e4hle Sie ein Land",
  "FIND THE ADDRESS": "Die Adresse",
  "SENDER": "SENDER",
  "PHONE NUMBER": "TELEFONNUMMER",
  "Add another collection address": "Hinzuf\u00fcgen einer weiteren Sammlungsadresse",
  "Delivery Address": "Lieferadresse",
  "Start typing your address": "Bitte gib hier deine Adresse ein",
  "RECEIVER": "EMPF\u00c4NGER",
  "Add another delivery address": "Andere Lieferadresse",
  "Select Van Type": "Van-Typ ausw\u00e4hlen",
  "Curtain sider": "Vorhangsider",
  "Weight: 1000 kg": "Gewicht :1000 kg",
  "Capacity: 19 Cubic": "Fassungsverm\u00f6gen: 19 Kubik",
  "Box": "Kasten",
  "Capacity: 13 Cubic": "Fassungsverm\u00f6gen: 13 Kubik",
  "Extra Services:": "Zusatzleistungen:",
  "Driver help - Loading": "Treiberhilfe - Laden",
  "Driver help - Unloading": "Treiberhilfe - Entladen",
  "Tail Lift": "Ladebordwand",
  "Cargo information": "Angaben zur Ladung",
  "CARGO": "TRANSPORTGUT",
  "VALUE": "WERT",
  "Please enter the cargo value": "Bitte geben Sie den Wert ein",
  "Pickup options": "Abholoptionen",
  "When do you want the pickup to take place?": "Wann soll die Abholung stattfinden?",
  "PICK-UP DATE": "Abholungdatum",
  "Please enter the pickup date": "Bitte geben Sie das Abholdatum ein",
  "NAME & SURNAME": "NAME",
  "EMAIL ADDRESS": "E-MAIL-ADRESSE",
  "SPECIAL NOTES - OPTIONAL": "BESONDERE HINWEISE - OPTIONAL",
  "Distance:": "Abstand:",
  "Duration:": "Dauer:",
  "or": "oder",
  "Curtain side": "Vorhangseite",
  "Box van": "Kastenwagen",
  "Curtain side is best for:": "Vorhangseite ist am besten geeignet f\u00fcr:",
  "Pallet shipment / custom loads": "Palettenversand / Sonderladungen",
  "Rear loading / side loading": "Heckbeladung / Seitenbeladung",
  "Curtain-Side van + Tail Lift:": "Van-Ladebordwand an der Vorhangseite:",
  "Box van is best for:": "Kastenwagen ist am besten geeignet f\u00fcr:",
  "Rear loading": "Heckbeladung",
  "Type": "Typ",
  "Curtain Sider is best for:": "Curtain Sider ist am besten geeignet f\u00fcr:",
  "VAT Exemption": "\"Mehrwertsteuer-",
  "Privacy and Condition": "Datenschutz und Zustand",
  "General terms": "Allgemeine Gesch\u00e4ftsbedingungen",
  "Cancellation and Refund": "Stornierung und R\u00fcckerstattung:",
  "Help to Load/Unload": "- um zu laden/entladen",
  "About Insurance": "Informationen zur Versicherung",
  "Types of vans and measurements": "Arten von Lieferwagen und Abmessungen",
  "Data protection": "Datenschutz",
  "Name:": "Name (unterzeichnungsberechtigte Person):",
  "Full Name": "Vollst\u00e4ndiger Name",
  "For your Company or a Private Move - have a vehicle dedicated to you.": "F\u00fcr Ihr Unternehmen oder einen privaten Umzug - lassen Sie sich ein Fahrzeug widmen.",
  "You can move anything in Europe with a van dedicated only for your cargo. For your company or for a private move, the dedicated van service is the ideal solution.": "Sie k\u00f6nnen alles in Europa mit einem Lieferwagen bewegen, der nur f\u00fcr Ihre Fracht bestimmt ist. F\u00fcr Ihr Unternehmen oder f\u00fcr einen privaten Umzug ist der engagierte Transporterservice die ideale L\u00f6sung.",
  "We have access to more than 37,000 vans spread across Europe, so we can collect your cargo any day and any time that you choose and deliver it in the time you need.": "Wir haben Zugang zu mehr als 37.000 Transportern in ganz Europa, so dass wir Ihre Fracht an jedem Tag und zu jeder von Ihnen gew\u00fcnschten Zeit abholen und in der von Ihnen ben\u00f6tigten Zeit liefern k\u00f6nnen.",
  "Customized pick-up and delivery time": "Kundenspezifische Abhol- und Lieferzeit",
  "Collection and deliveries on weekends, day and night": "Abholung und Zustellung am Wochenende, Tag und Nacht",
  "No special packaging is required": "Keine spezielle Verpackung erforderlich",
  "Ideal for transporting fragile items": "Ideal f\u00fcr den Transport zerbrechlicher Gegenst\u00e4nde",
  "Get started for free!": "Kostenlos einsetzen!",
  "What will you be using EasyMoveEurope for?": "Wof\u00fcr werden Sie EasyMoveEurope verwenden?",
  "Work & Business": "Arbeit",
  "Long-term benefits & VAT deduction": "Langfristige Vorteile",
  "Personal needs": "Eigene Bed\u00fcrfnisse:",
  "You will be shipping as an individual": "Sie versenden als Einzelperson",
  "With the dedicated van delivery, you do not need to package your shipment in any specific way. The shipper is able to accommodate the goods in the van however they like, packed or not. However, note that in the movement of the van on the highway one item can crash into the other causing damage and no one wants that to happen, so we still recommend protecting your goods for transport to avoid damage.": "Mit der dedizierten Lieferwagen-Lieferung m\u00fcssen Sie Ihre Sendung nicht auf eine bestimmte Weise verpacken. Der Spediteur ist in der Lage, die Waren in dem Transporter unterzubringen, wie sie wollen, verpackt oder nicht. Beachten Sie jedoch, dass bei der Bewegung des Transporters auf der Autobahn ein Gegenstand in den anderen st\u00fcrzen kann, was zu Sch\u00e4den f\u00fchren kann, und niemand m\u00f6chte, dass dies geschieht. Daher empfehlen wir Ihnen, Ihre Waren f\u00fcr den Transport zu sch\u00fctzen, um Sch\u00e4den zu vermeiden.",
  "For transport within the EU, no special documentation is usually required, but when the country of origin or destination is not part of the European Union, the customer always needs to prepare the documentation in advance. Each country has different rules, so you can consult us and we will guide you through this process.\n In some cases you will be able to prepare the necessary documentation only with our help, but most of the time it is a broker that will carry out this work.": "F\u00fcr Transporte innerhalb der EU ist in der Regel keine besondere Dokumentation erforderlich, aber wenn das Herkunfts- oder Bestimmungsland nicht zur Europ\u00e4ischen Union geh\u00f6rt, muss der Kunde die Dokumentation immer im Voraus erstellen. Jedes Land hat andere Regeln, so dass Sie uns konsultieren k\u00f6nnen und wir werden Sie durch diesen Prozess f\u00fchren.\n In einigen F\u00e4llen k\u00f6nnen Sie die erforderlichen Unterlagen nur mit unserer Hilfe erstellen, aber meistens ist es ein Broker, der diese Arbeit durchf\u00fchrt.",
  "How to pack the goods for shipping?": "Wie verpacken Sie die Ware f\u00fcr den Versand?",
  "For transport within the EU, no special documentation is usually required, but when the country of origin or destination is not part of the European Union, the customer always needs to prepare the documentation in advance. Each country has different rules, so you can consult us and we will guide you through this process.\n  In some cases you will be able to prepare the necessary documentation only with our help, but most of the time it is a broker that will carry out this work.": "F\u00fcr Transporte innerhalb der EU ist in der Regel keine besondere Dokumentation erforderlich, aber wenn das Herkunfts- oder Bestimmungsland nicht zur Europ\u00e4ischen Union geh\u00f6rt, muss der Kunde die Dokumentation immer im Voraus erstellen. Jedes Land hat andere Regeln, so dass Sie uns konsultieren k\u00f6nnen und wir werden Sie durch diesen Prozess f\u00fchren.\n  In einigen F\u00e4llen k\u00f6nnen Sie die erforderlichen Unterlagen nur mit unserer Hilfe erstellen, aber meistens ist es ein Broker, der diese Arbeit durchf\u00fchrt.",
  "About custom procedures, when should I be concerned and who should take care of it for me?": "Wann sollte ich mich um Zollverfahren k\u00fcmmern und wer sollte sich f\u00fcr mich darum k\u00fcmmern?",
  "Bonds, stocks, negotiable documents and all types of securities.": "Anleihen, Aktien, b\u00f6rsenf\u00e4hige Dokumente und alle Arten von Wertpapieren.",
  "Currencies, banknotes and coins.": "W\u00e4hrungen, Banknoten und M\u00fcnzen.",
  "Live stock animals, horses, pets, mice, worms, insects.": "Lebende Tiere, Pferde, Haustiere, M\u00e4use, W\u00fcrmer, Insekten.",
  "Drugs, endangered species, other products illegal under EU laws.": "Drogen, gef\u00e4hrdete Arten, andere Produkte, die nach EU-Recht illegal sind.",
  "e.g. firearms, explosives, ammunition, hazardous materials, radioactives.": "z. B. Schusswaffen, Sprengstoffe, Munition, Gefahrstoffe, radioaktive Stoffe.",
  "What can\u2019t be shipped?": "Was darf nicht versendet werden?",
  "When you hire the help service, you need to consider that the driver will help to load/unload from the first floor level to the van and vice versa. For cases where loading/unloading is in apartments that do not have an elevator, you need to let us know in advance, as not all drivers are physically able to go up and down stairs.": "Wenn Sie den Hilfe-Service in Anspruch nehmen, m\u00fcssen Sie ber\u00fccksichtigen, dass der Fahrer beim Be- und Entladen vom ersten Stockwerk zum Van und umgekehrt hilft. F\u00fcr F\u00e4lle, in denen das Be- und Entladen in Wohnungen erfolgt, die keinen Aufzug haben, m\u00fcssen Sie uns dies im Voraus mitteilen, da nicht alle Fahrer physisch in der Lage sind, die Treppe hinauf- und hinunterzugehen.",
  "How does the help service work?": "Wie funktioniert der Service?",
  "No, please note that the driver's main focus is driving and he will help load and/or unload the cargo if this is contracted to at the time you hire the transport.\n Please note that not all drivers are physically able to help, so you need to let us know in advance so that the ideal driver is chosen.": "Nein, bitte beachten Sie, dass das Hauptaugenmerk des Fahrers auf dem Fahren liegt und er beim Be- und/oder Entladen der Ladung hilft, wenn diese zu dem Zeitpunkt, an dem Sie den Transport mieten, unter Vertrag genommen wird.\n Bitte beachten Sie, dass nicht alle Fahrer physisch in der Lage sind, zu helfen, daher m\u00fcssen Sie uns dies im Voraus mitteilen, damit der ideale Fahrer ausgew\u00e4hlt wird.",
  "Will the driver always help to load/unload the load?": "Hilft der Fahrer beim Be- und Entladen der Ladung immer mit?",

  "Do you have only these two types of vans and measurements?": "Haben Sie nur diese beiden Arten von Transportern und Abmessungen?",
  "Yes, every shipment with our dedicated van delivery is covered by CMR conventions and extended liability is also available (for commercial shipments). The value is currently around 10 euros per kilo and apply to occurrence of theft, damaged goods, gross negligence in international and domestic transport.": "Ja, jede Lieferung mit unserer speziellen Lieferwagen-Lieferung ist durch CMR-Konventionen abgedeckt und eine erweiterte Haftung ist ebenfalls m\u00f6glich (f\u00fcr kommerzielle Sendungen). Der Wert liegt derzeit bei rund 10 Euro pro Kilo und gilt f\u00fcr Diebstahl, besch\u00e4digte Ware, grobe Fahrl\u00e4ssigkeit im internationalen und inl\u00e4ndischen Verkehr.",
  "Is there any insurance included when I hire the van service?": "Ist eine Versicherung inbegriffen, wenn ich den Lieferwagen-Service miete?",
  "You can move anything in Europe with a van dedicated only for your cargo. For your company\n  or\n for a private move, the dedicated van service is the ideal solution.\n <br/>\n We have access to more than 37,000 vans spread across Europe, so we can collect your cargo\n any\n day and any time that you choose and deliver it in the time you need.": "Sie k\u00f6nnen alles in Europa mit einem Transporter bewegen, der nur f\u00fcr Ihre Fracht bestimmt ist. F\u00fcr Ihr Unternehmen\n  oder\n f\u00fcr einen privaten Umzug ist der dedizierte Van-Service die ideale L\u00f6sung.\n <br/>\n Wir haben Zugang zu mehr als 37.000 Lieferwagen in ganz Europa, sodass wir Ihre Fracht an jedem Tag und zu jeder Zeit, die Sie w\u00e4hlen, abholen und in der Zeit liefern k\u00f6nnen\n , \ndie Sie ben\u00f6tigen.",
  "Customized pick-up and delivery time- Collection and deliveries on weekends, day and night -Same day collection available for urgent transport": "Individuelle Abhol- und Lieferzeit - Abholung und Lieferung am Wochenende, Tag und Nacht - Abholung am selben Tag f\u00fcr dringenden Transport",
  "Transport of heavy and bulky items -No special\n packaging is required -Ideal for transporting fragile items": "Transport schwerer und sperriger Gegenst\u00e4nde - Keine besonderen\n verpackung ist erforderlich - Ideal f\u00fcr den Transport zerbrechlicher Gegenst\u00e4nde",
  "James Kaljes (Founder and CO of Easy move Europe)": "James Kaljes (Gr\u00fcnder und CO von Easy Move Europe)",
  "\u201cWith our friends of Easy move, we can put our cargo in their hands and focus on our\n business, as they are reliable and extremely professional.\n  <br/>\n With them, we don't have dissatisfied customers calling us asking where the cargo is\n or complaining about delays.\u201d": "\u201eMit unseren Freunden von Easy Move k\u00f6nnen wir unsere Fracht in ihre H\u00e4nde legen und uns auf unser Gesch\u00e4ft konzentrieren,\nda sie zuverl\u00e4ssig und \u00e4u\u00dferst professionell sind.\n  <br/>\n Mit ihnen haben wir keine unzufriedenen Kunden, die uns anrufen und fragen, wo sich die Ladung befindet\n oder sich \u00fcber Versp\u00e4tungen beschweren.\u201c",
  "\u201cWe have already used Easy Move Europe's services 2 times for relocation and each\n time they have been extremely efficient\n <br/>\n And always go above and beyond expectations. I have already recommended it to\n several friends and they are all satisfied.\u201c": "\u201eWir haben die Dienstleistungen von Easy Move Europe bereits zweimal f\u00fcr Umz\u00fcge genutzt und jedes\n Mal waren sie \u00e4u\u00dferst effizient\n                                    <br/>\n                                    und gehen immer \u00fcber die Erwartungen hinaus. Ich habe es bereits mehreren Freunden empfohlen\n und sie sind alle zufrieden.\u201c",
  "rent a dedicated van with driver": "Geeigneter Lieferwagen mit Fahrer",
  "From (Pickup Country)": "Von (Abholland)",
  "To (Delivery Country)": "Nach (Lieferland)",
  "Copyright": "Copyright",
  "All Rights Reserved": "Alle Rechte vorbehalten",
  "My account": "Mein Benutzerkonto",
  "No, we have other types, models and sizes of vans. The size you see in the description is an average, sizes may vary. We will always try to maintain the capacity contracted by you (13 and 19 cubic meters), so it is important that you provide us with as much information as possible about your cargo so that we can send you the appropriate van. To transport dangerous items we also have the ADR van and to transport perishable items that need controlled temperature, we have the refrigerated vans, which can be hired separately, just contact us via email or phone and we will provide you with a quote.": "Nein, wir haben andere Typen, Modelle und Gr\u00f6\u00dfen von Transportern. Die Gr\u00f6\u00dfe, die Sie in der Beschreibung sehen, ist ein Durchschnitt, Gr\u00f6\u00dfen k\u00f6nnen variieren. Wir werden immer versuchen, die von Ihnen vertraglich vereinbarte Kapazit\u00e4t (13 und 19 Kubikmeter) aufrechtzuerhalten, daher ist es wichtig, dass Sie uns so viele Informationen wie m\u00f6glich \u00fcber Ihre Fracht zur Verf\u00fcgung stellen, damit wir Ihnen den entsprechenden Transporter schicken k\u00f6nnen. F\u00fcr den Transport gef\u00e4hrlicher Gegenst\u00e4nde haben wir auch den ADR-Transporter und d Um verderbliche Artikel zu transportieren, die eine kontrollierte Temperatur ben\u00f6tigen, haben wir die K\u00fchlwagen, die separat gemietet werden k\u00f6nnen, kontaktieren Sie uns einfach per E-Mail oder Telefon und wir erstellen Ihnen ein Angebot."
}