{"About US": "Qui\u00e9nes somos", "About Us": "\u00bfQui\u00e9nes somos?", "Easy Move Europe is a online digital platform that connects companies and private persons to a huge van network, simplifying and making relocation of personal and business assets affordable.": "Easy Move Europe es una plataforma digital en l\u00ednea que conecta a empresas y particulares con una enorme red de furgonetas, simplificando y haciendo asequible la reubicaci\u00f3n de activos personales y comerciales.", "It all came about when the company founder entered the US domestic moving business. After working 4 years in the sector, he moved to Romania, where he rejoined another transport company and acquired even more expertise in this business. After a few more years and being frustrated by the way companies failed to provide a high quality service and seeing a great opportunity there, he decided to let his entrepreneurial side speak louder and start his own business. There, Easy move Europe was born.": "Todo surgi\u00f3 cuando el fundador de la compa\u00f1\u00eda ingres\u00f3 al negocio de mudanzas dom\u00e9sticas de los Estados Unidos. Despu\u00e9s de trabajar 4 a\u00f1os en el sector, se mud\u00f3 a Rumania, donde se reincorpor\u00f3 a otra empresa de transporte y adquiri\u00f3 a\u00fan m\u00e1s experiencia en este negocio. Despu\u00e9s de unos a\u00f1os m\u00e1s y frustrado por la forma en que las empresas no ofrec\u00edan un servicio de alta calidad y ver una gran oportunidad all\u00ed, decidi\u00f3 dejar que su lado emprendedor hablara m\u00e1s fuerte y comenzar su propio negocio. All\u00ed naci\u00f3 Easy move Europe.", "We are currently able to meet any existing demand and the more than 37,000 vans that are part of our network give us the ability to offer our customers the best prices without compromising on quality. To support all of this we have a team of experts who really do what they love and are adequately compensated so they can go beyond the obvious.": "Actualmente somos capaces de satisfacer cualquier demanda existente y las m\u00e1s de 37.000 furgonetas que forman parte de nuestra red nos dan la capacidad de ofrecer a nuestros clientes los mejores precios sin comprometer la calidad. Para apoyar todo esto, contamos con un equipo de expertos que realmente hacen lo que aman y son compensados adecuadamente para que puedan ir m\u00e1s all\u00e1 de lo obvio.", "\"In business and relationships, my rule is to act with others the way we would like others to act with me, because that way we will always be fair\u201d": "\"En los negocios y las relaciones, mi regla es actuar con los dem\u00e1s de la manera en que nos gustar\u00eda que otros actuaran conmigo, porque de esa manera siempre seremos justos\"", "Vans across Europe": "de toda Europa,", "Logistics experts": "Expertos en log\u00edstica", "Years of experience": "A\u00f1os de experiencia", "Happy clients": "Clientes satisfechos.", "I am already member": "Ya soy miembro.", "So we know where to contact you": "Para que sepamos d\u00f3nde contactarte", "I agree to join EasyMoveEurope\u2019s mailing list": "Acepto unirme a la lista de correo de EasyMoveEurope", "Company details": "Datos de la empresa", "Enables long-term benefits & VAT deduction": "Permite beneficios a largo plazo", "Please input company name": "Por favor, introduzca el nombre de la empresa", "Please input contact name": "Por favor, introduzca el nombre del contacto", "Please input company country": "Por favor, introduzca el pa\u00eds de la empresa", "Vat ID not in valid format": "El n\u00famero de identificaci\u00f3n fiscal no est\u00e1 en formato v\u00e1lido", "Tell us more about your company": "Cu\u00e9ntame m\u00e1s sobre tu compa\u00f1\u00eda.", "We will use this information to tailor your service experience": "Utilizaremos esta informaci\u00f3n para adaptar su experiencia de servicio", "&lt; 5": "NO QUERY SPECIFIED. EXAMPLE REQUEST: GET?Q=HELLO&LANGPAIR=EN|IT", "5-20": "5-20", "25+": "25", "Domestic": "Dom\u00e9stico", "International": "Internacional", "Get\u2019s started": "Empezar", "Please Register to continue with us": "Por favor, reg\u00edstrate para continuar", "Already have an account?": "\u00bfYa tiene una cuenta?", "Login": "Iniciar sesi\u00f3n", "Create an account": "Crea una cuenta", "Log In": "Iniciar sesi\u00f3n", "Don 't have an account?": "\u00bfA\u00fan no tiene una cuenta?", "Register": "Registrarse", "Or login with": "O inicia sesi\u00f3n con", "Forgot Password?": "\u00bfHas olvidado tu contrase\u00f1a?", "You can reset your password here.": "Puede restablecer su contrase\u00f1a aqu\u00ed.", "Sign up": "Registrarse", "Terms of service": "T\u00e9rminos del servicio", "Upcoming Booking": "Pr\u00f3ximas Reservas", "Previous Bookings": "Reservas anteriores", "date": "fecha", "Slot time": "Horario", "9:30am - 11:30am": "9:30AM - 11:30AM", "12:30pm - 2:30pm": "De 12:30 a 14:30", "Registration Number": "N\u00famero de matr\u00edcula", "Price": "Precio", "Overview": "Descripci\u00f3n general", "Upcoming Service": "Pr\u00f3ximo servicio", "Past Service": "Servicios pasados", "Sr.No.": "N\u00fam. de sr.", "Pickup": "Recogida", "Destination": "Destination", "Date": "Fecha", "Value": "Valor", "collection_day": "collection_day", "Account Details": "Detalles de la Cuenta", "Profile Details": "Detalles de Perfil", "ID:": "ID:", "Company Name:": "Nombre de la Empresa:", "Phone:": "Tel\u00e9fono:", "Company Country:": "Compa\u00f1\u00eda: Pa\u00eds:", "VAT-ID:": "IVA ID:", "Close": "Cerrar", "Save changes": "Guardar Cambios", "Company Name": "Nombre de la Compa\u00f1\u00eda", "Email": "Correo electr\u00f3nico", "Phone": "Tel\u00e9fono", "Company Country": "Empresa Pa\u00eds", "VAT-ID": "IVA-ID", "Password": "Contrase\u00f1a", "Password:": "Contrase\u00f1a:", "New Password:": "Nueva Contrase\u00f1a:", "Confirm Password:": "Confirma la contrase\u00f1a:", "Contact us": "Contacte con nosotros", "Location:": "Ubicaci\u00f3n:", "A108 Adam Street, New York, NY 535022": "A108 Adam Street, Nueva York, NY 535022", "Email:": "Correo electr\u00f3nico:", "Call:": "Llamando al:", "Loading": "Carga", "Your message has been sent. Thank you!": "Gracias! Tu mensaje se envi\u00f3 con \u00e9xito!", "Send Message": "Enviar Mensaje", "New Order": "Pedido nuevo", "Dedicated Van Service": "Servicio de furgoneta dedicado", "For residential or commercial move,": "Para mudanzas residenciales o comerciales,", "Type to search": "Escribe para busqueda", "Austria": "Austria", "Belgium": "B\u00e9lgica", "Bulgaria": "Bulgaria", "Croatia": "Croacia", "Czech Republic": "Rep\u00fablica Checa", "Denmark": "Dinamarca", "Estonia": "Estonia", "Finland": "Finlandia", "France": "Francia", "Germany": "Alemania", "Greece": "Grecia", "Hungary": "Hungr\u00eda", "Ireland": "Irlanda", "Italy": "Italia", "Latvia": "Letonia", "Lithuania": "Lituania", "Luxembourg": "Luxemburgo", "Netherlands": "Netherlands", "Norway": "Noruega", "Poland": "Polonia", "Portugal": "Portugal", "Romania": "Ruman\u00eda", "Serbia": "Serbia", "Slovakia": "Eslovaquia", "Slovenia": "Eslovenia", "Spain": "Espa\u00f1a", "Sweden": "Suecia", "Switzerland": "Suiza", "United Kingdom": "Reino Unido", "Continue": "Continuar", "How it works": "C\u00f3mo funciona", "Enter the addresses": "Introduzca las direcciones", "Get the price instantly": "Consigue el precio al instante", "Book the transport": "Reserva el transporte", "Prepare your goods": "Prepara tus productos", "Collection": "Dise\u00f1ador", "Delivery": "Entrega", "For your company or for a private move, the dedicated van service is the ideal solution.": "Para su empresa o para una mudanza privada, el servicio de furgoneta dedicado es la soluci\u00f3n ideal.", "Advantages:": "Ventajas:", "Rodrigo Farias": "Rodrigo Far\u00edas", "Entrepreneu": "Emprendedor", "Ava Williams": "Ava Williams", "Client from UK": "Cliente del Reino Unido", "Frequently Asked Questions": "Preguntas frecuentes", "Hazardous goods:": "Bienes peligrosos", "Illegal goods:": "y otros bienes ilegales.", "Livestock:": "Ganader\u00eda:", "Money:": "Moneda:", "Securities:": "Valores:", "Contact details": "Detalles de contacto", "Van Type": "Tipo de furgoneta", "Add-ons": "Complementos", "Content": "\u00cdndice", "EasyMoveEurope": "EasyMoveEurope", "Dashboard": "Panel de Control", "My Profile": "Mi perfil", "Useful Links": "Enlaces \u00fatiles", "Home": "Home", "About us": "Sobre nosotros", "Terms and Conditions": "T\u00e9rminos y Condiciones", "Contact Us": "Cont\u00e1ctenos", "Contact": "Contacto", "Open Account": "Abrir Cuenta", "English": "Ingl\u00e9s", "Deutsch": "Deutsch", "Italiano": "Italiano", "Fran\u00e7ais": "Fran\u00e7ais", "Espa\u00f1ol": "Espa\u00f1ol", "Polish": "Polaco", "Romanian": "Rumano", "No": "No", "Pickup Date": "Fecha de recogida", "Order Number": "N\u00famero de orden", "To pay": "Para pagar", "Status": "Estado", "From": "Desde", "To": "Hasta", "Credit / Debit Card": "Tarjeta de cr\u00e9dito / d\u00e9bito", "Proceed Payment With Debit / Card.": "Proceder al pago con d\u00e9bito / tarjeta.", "Bank Transfer": "Transferencia bancaria", "Proceed Payment With Bank Transfer.": "Proceder al pago con transferencia bancaria.", "Payment Details": "Detalles del pago", "Name on Card": "Nombre en la tarjeta", "Card Number": "N\u00famero de tarjeta", "CVC": "CVC", "Expiration Month": "Mes de vencimiento", "Expiration Year": "A\u00f1o de vencimiento", "Fix the errors before you begin.": "Corrige los errores antes de empezar.", "Order Information": "Informaci\u00f3n del solicitud", "Get a price": "Consigue un precio", "Who orders?": "Quien pide", "Company": "Empresa", "Private Person": "Persona f\u00edsica", "Pickup Address": "Direcci\u00f3n de recogida", "COUNTRY": "PA\u00cdS", "Please select the country": "Selecciona tu pa\u00eds", "FIND THE ADDRESS": "La Direcci\u00f3n", "SENDER": "REMITENTE", "PHONE NUMBER": "N\u00daMERO DE TEL\u00c9FONO", "Add another collection address": "A\u00f1adir otra direcci\u00f3n de cobro", "Delivery Address": "Direcci\u00f3n de entrega", "Start typing your address": "Empieza a escribir tu direcci\u00f3n", "RECEIVER": "RECEPTOR", "Add another delivery address": "A\u00f1adir otra direcci\u00f3n de entrega", "Select Van Type": "Seleccionar tipo de furgoneta", "Curtain sider": "Cortina sider", "Weight: 1000 kg": "Peso: 1000 kg", "Capacity: 19 Cubic": "Capacidad: 19 Cubic", "Box": "Caja", "Capacity: 13 Cubic": "Capacidad: 13 Cubic", "Extra Services:": "Servicios Extra:", "Driver help - Loading": "Ayuda al conductor - Cargando", "Driver help - Unloading": "Ayuda al conductor - Descarga", "Tail Lift": "Trampilla elevadora", "Cargo information": "Informaci\u00f3n relativa a la carga,", "CARGO": "CARGA", "Please enter the cargo value": "Por favor, introduzca el valor", "Pickup options": "Opciones de recogida", "When do you want the pickup to take place?": "\u00bfCu\u00e1ndo quieres que se lleve a cabo la recogida?", "PICK-UP DATE": "Fecha de salida", "Please enter the pickup date": "Por favor ingrese la fecha de recogida en tienda", "NAME & SURNAME": "NOMBRE", "EMAIL ADDRESS": "DIRECCI\u00d3N DE CORREO ELECTR\u00d3NICO", "SPECIAL NOTES - OPTIONAL": "NOTAS ESPECIALES - OPCIONAL", "Distance:": "Distancia:", "Duration:": "Duraci\u00f3n:", "or": "o", "Curtain side": "Lado de la cortina", "Box van": "cami\u00f3n de cajas", "Curtain side is best for:": "El lado de la cortina es mejor para:", "Pallet shipment / custom loads": "Env\u00edo de palets/cargas personalizadas", "Rear loading / side loading": "Carga trasera/carga lateral", "Curtain-Side van + Tail Lift:": "Elevador de cola de la furgoneta   del lado de la cortina:", "Box van is best for:": "Box van es mejor para:", "Rear loading": "carga retrasado", "Type": "Tipo", "Curtain Sider is best for:": "Curtain Sider es mejor para:", "VAT Exemption": "Exenci\u00f3n del IVA", "Privacy and Condition": "Privacidad y condici\u00f3n", "General terms": "T\u00e9rminos generales", "Cancellation and Refund": "Devoluci\u00f3n y reembolso :", "Help to Load/Unload": "Ayuda para cargar/descargar", "About Insurance": "\u00bfY EL SEGURO?", "Types of vans and measurements": "Tipos de furgonetas y medidas", "Data protection": "Protecci\u00f3n de datos", "Name:": "Nombre:", "Full Name": "Nombre y apellidos", "For your Company or a Private Move - have a vehicle dedicated to you.": "Para su empresa o una mudanza privada: tenga un veh\u00edculo dedicado a usted.", "You can move anything in Europe with a van dedicated only for your cargo. For your company or for a private move, the dedicated van service is the ideal solution.": "Puede mover cualquier cosa en Europa con una furgoneta dedicada solo a su carga. Para su empresa o para una mudanza privada, el servicio de furgoneta dedicado es la soluci\u00f3n ideal.", "We have access to more than 37,000 vans spread across Europe, so we can collect your cargo any day and any time that you choose and deliver it in the time you need.": "Tenemos acceso a m\u00e1s de 37.000 furgonetas repartidas por toda Europa, por lo que podemos recoger su carga en cualquier d\u00eda y en cualquier momento que elija y entregarla en el tiempo que necesite.", "Customized pick-up and delivery time": "Hora de recogida y entrega personalizada", "Collection and deliveries on weekends, day and night": "Recogida y entregas los fines de semana, d\u00eda y noche", "No special packaging is required": "No se requiere un embalaje especial.", "Ideal for transporting fragile items": "Ideal para transportar objetos fr\u00e1giles", "Get started for free!": "\u00a1Empieza ya gratis!", "What will you be using EasyMoveEurope for?": "\u00bfPara qu\u00e9 vas a usar EasyMoveEurope?", "Work & Business": "Trabajo", "Long-term benefits & VAT deduction": "Beneficios a largo plazo", "Personal needs": "sus necesidades personales.", "You will be shipping as an individual": "Enviar\u00e1s como individuo", "With the dedicated van delivery, you do not need to package your shipment in any specific way. The shipper is able to accommodate the goods in the van however they like, packed or not. However, note that in the movement of the van on the highway one item can crash into the other causing damage and no one wants that to happen, so we still recommend protecting your goods for transport to avoid damage.": "Con la entrega en furgoneta dedicada, no necesita empaquetar su env\u00edo de ninguna manera espec\u00edfica. El remitente puede acomodar la mercanc\u00eda en la camioneta como quiera, empaquetada o no. Sin embargo, tenga en cuenta que en el movimiento de la furgoneta en la carretera un art\u00edculo puede chocar contra el otro causando da\u00f1os y nadie quiere que eso suceda, por lo que a\u00fan recomendamos proteger sus mercanc\u00edas para el transporte para evitar da\u00f1os.", "For transport within the EU, no special documentation is usually required, but when the country of origin or destination is not part of the European Union, the customer always needs to prepare the documentation in advance. Each country has different rules, so you can consult us and we will guide you through this process.\n In some cases you will be able to prepare the necessary documentation only with our help, but most of the time it is a broker that will carry out this work.": "Para el transporte dentro de la UE, generalmente no se requiere documentaci\u00f3n especial, pero cuando el pa\u00eds de origen o destino no forma parte de la Uni\u00f3n Europea, el cliente siempre debe preparar la documentaci\u00f3n por adelantado. Cada pa\u00eds tiene reglas diferentes, por lo que puedes consultarnos y te guiaremos a trav\u00e9s de este proceso.\n En algunos casos, podr\u00e1 preparar la documentaci\u00f3n necesaria solo con nuestra ayuda, pero la mayor\u00eda de las veces es un corredor el que llevar\u00e1 a cabo este trabajo.", "How to pack the goods for shipping?": "\u00bfC\u00f3mo embalar las mercanc\u00edas para el env\u00edo?", "For transport within the EU, no special documentation is usually required, but when the country of origin or destination is not part of the European Union, the customer always needs to prepare the documentation in advance. Each country has different rules, so you can consult us and we will guide you through this process.\n  In some cases you will be able to prepare the necessary documentation only with our help, but most of the time it is a broker that will carry out this work.": "Para el transporte dentro de la UE, generalmente no se requiere documentaci\u00f3n especial, pero cuando el pa\u00eds de origen o destino no forma parte de la Uni\u00f3n Europea, el cliente siempre debe preparar la documentaci\u00f3n por adelantado. Cada pa\u00eds tiene reglas diferentes, por lo que puedes consultarnos y te guiaremos a trav\u00e9s de este proceso.\n  En algunos casos, podr\u00e1 preparar la documentaci\u00f3n necesaria solo con nuestra ayuda, pero la mayor\u00eda de las veces es un corredor el que llevar\u00e1 a cabo este trabajo.", "About custom procedures, when should I be concerned and who should take care of it for me?": "Acerca de los procedimientos personalizados, \u00bfcu\u00e1ndo debo preocuparme y qui\u00e9n debe encargarse de ello por m\u00ed?", "Bonds, stocks, negotiable documents and all types of securities.": "Bonos, acciones, documentos negociables y todo tipo de valores.", "Currencies, banknotes and coins.": "Monedas, billetes y monedas.", "Live stock animals, horses, pets, mice, worms, insects.": "Animales vivos, caballos, mascotas, ratones, gusanos, insectos.", "Drugs, endangered species, other products illegal under EU laws.": "Drogas, especies en peligro de extinci\u00f3n, otros productos ilegales seg\u00fan las leyes de la UE.", "e.g. firearms, explosives, ammunition, hazardous materials, radioactives.": "por ejemplo, armas de fuego, explosivos, municiones, materiales peligrosos, radiactivos.", "What can\u2019t be shipped?": "\u00bfQu\u00e9 no se puede enviar?", "When you hire the help service, you need to consider that the driver will help to load/unload from the first floor level to the van and vice versa. For cases where loading/unloading is in apartments that do not have an elevator, you need to let us know in advance, as not all drivers are physically able to go up and down stairs.": "Cuando contrate el servicio de ayuda, debe tener en cuenta que el conductor ayudar\u00e1 a cargar/descargar desde el primer nivel del piso hasta la camioneta y viceversa. Para los casos en que la carga/descarga se realiza en apartamentos que no tienen ascensor, debe informarnos con anticipaci\u00f3n, ya que no todos los conductores pueden subir y bajar escaleras f\u00edsicamente.", "How does the help service work?": "\u00bfC\u00f3mo funciona el servicio?", "No, please note that the driver's main focus is driving and he will help load and/or unload the cargo if this is contracted to at the time you hire the transport.\n Please note that not all drivers are physically able to help, so you need to let us know in advance so that the ideal driver is chosen.": "No, tenga en cuenta que el conductor se centra principalmente en la conducci\u00f3n y ayudar\u00e1 a cargar y/o descargar la carga si esto est\u00e1 contratado en el momento de contratar el transporte.\n Tenga en cuenta que no todos los conductores son f\u00edsicamente capaces de ayudar, por lo que debe informarnos con anticipaci\u00f3n para que se elija el conductor ideal.", "Will the driver always help to load/unload the load?": "\u00bfEl conductor siempre ayudar\u00e1 a cargar/descargar la carga?", "Do you have only these two types of vans and measurements?": "\u00bfTienes solo estos dos tipos de furgonetas y medidas?", "Yes, every shipment with our dedicated van delivery is covered by CMR conventions and extended liability is also available (for commercial shipments). The value is currently around 10 euros per kilo and apply to occurrence of theft, damaged goods, gross negligence in international and domestic transport.": "S\u00ed, cada env\u00edo con nuestra entrega de furgoneta dedicada est\u00e1 cubierto por las convenciones CMR y la responsabilidad extendida tambi\u00e9n est\u00e1 disponible (para env\u00edos comerciales). El valor es actualmente de alrededor de 10 euros por kilo y se aplica a la ocurrencia de robo, bienes da\u00f1ados, negligencia grave en el transporte internacional y nacional.", "Is there any insurance included when I hire the van service?": "\u00bfHay alg\u00fan seguro incluido cuando contrato el servicio de furgoneta?", "You can move anything in Europe with a van dedicated only for your cargo. For your company\n  or\n for a private move, the dedicated van service is the ideal solution.\n <br/>\n We have access to more than 37,000 vans spread across Europe, so we can collect your cargo\n any\n day and any time that you choose and deliver it in the time you need.": "Puede mover cualquier cosa en Europa con una furgoneta dedicada solo a su carga. Para su empresa\n  o\n para una mudanza privada, el servicio de furgoneta dedicado es la soluci\u00f3n ideal.\n <br/>\n Tenemos acceso a m\u00e1s de 37.000 furgonetas repartidas por toda Europa, por lo que podemos recoger su carga\n en cualquier\n d\u00eda y en cualquier momento que elija y entregarla en el tiempo que necesite.", "Customized pick-up and delivery time- Collection and deliveries on weekends, day and night -Same day collection available for urgent transport": "Hora de recogida y entrega personalizada: recogida y entregas los fines de semana, d\u00eda y noche: recogida el mismo d\u00eda disponible para transporte urgente", "Transport of heavy and bulky items -No special\n packaging is required -Ideal for transporting fragile items": "Transporte de art\u00edculos pesados y voluminosos -No especial\n se requiere embalaje -Ideal para el transporte de art\u00edculos fr\u00e1giles", "James Kaljes (Founder and CO of Easy move Europe)": "James Kaljes (Fundador y CO de Easy Move Europe)", "\u201cWith our friends of Easy move, we can put our cargo in their hands and focus on our\n business, as they are reliable and extremely professional.\n  <br/>\n With them, we don't have dissatisfied customers calling us asking where the cargo is\n or complaining about delays.\u201d": "\u201cCon nuestros amigos de Easy Move, podemos poner nuestra carga en sus manos y centrarnos en nuestro\n negocio, ya que son confiables y extremadamente profesionales.\n  <br/>\n Con ellos, no tenemos clientes insatisfechos que nos llaman preguntando d\u00f3nde est\u00e1 la carga\n o quej\u00e1ndose de los retrasos \".", "\u201cWe have already used Easy Move Europe's services 2 times for relocation and each\n time they have been extremely efficient\n <br/>\n And always go above and beyond expectations. I have already recommended it to\n several friends and they are all satisfied.\u201c": "\u201cYa hemos utilizado los servicios de Easy Move Europe 2 veces para la reubicaci\u00f3n y cada\n vez han sido extremadamente eficientes\n                                    <br/>\n                                    y siempre van m\u00e1s all\u00e1 de las expectativas. Ya se lo he recomendado a\n varios amigos y todos est\u00e1n satisfechos \u201d.", "rent a dedicated van with driver": "Furgoneta exclusiva con conductor", "From (Pickup Country)": "Desde(Pa\u00eds de recogida)", "To (Delivery Country)": "A (Pa\u00eds de entrega)", "Copyright": "Derechos de autor", "All Rights Reserved": "Todos los derechos reservados", "My account": "Mi cuenta", "No, we have other types, models and sizes of vans. The size you see in the description is an average, sizes may vary. We will always try to maintain the capacity contracted by you (13 and 19 cubic meters), so it is important that you provide us with as much information as possible about your cargo so that we can send you the appropriate van. To transport dangerous items we also have the ADR van and to transport perishable items that need controlled temperature, we have the refrigerated vans, which can be hired separately, just contact us via email or phone and we will provide you with a quote.": "No, tenemos otros tipos, modelos y tama\u00f1os de furgonetas. El tama\u00f1o que ves en la descripci\u00f3n es un promedio, los tama\u00f1os pueden variar. Siempre intentaremos mantener la capacidad contratada por usted (13 y 19 metros c\u00fabicos), por lo que es importante que nos proporcione la mayor cantidad de informaci\u00f3n posible sobre su carga para que podamos enviarle la furgoneta adecuada. Para transportar art\u00edculos peligrosos tambi\u00e9n disponemos de la furgoneta ADR y D Para transportar art\u00edculos perecederos que necesitan temperatura controlada, disponemos de las furgonetas frigor\u00edficas, las cuales se pueden contratar por separado, solo cont\u00e1ctenos v\u00eda email o tel\u00e9fono y le proporcionaremos un presupuesto.", "Day of collection": "D\u00eda de recogida"}