{"About US": "A propos de Disneyphile", "About Us": "\u00c0 propos de nous", "Easy Move Europe is a online digital platform that connects companies and private persons to a huge van network, simplifying and making relocation of personal and business assets affordable.": "Easy Move Europe est une plateforme num\u00e9rique en ligne qui relie les entreprises et les particuliers \u00e0 un vaste r\u00e9seau de camionnettes, simplifiant et rendant la relocalisation des actifs personnels et professionnels abordable.", "It all came about when the company founder entered the US domestic moving business. After working 4 years in the sector, he moved to Romania, where he rejoined another transport company and acquired even more expertise in this business. After a few more years and being frustrated by the way companies failed to provide a high quality service and seeing a great opportunity there, he decided to let his entrepreneurial side speak louder and start his own business. There, Easy move Europe was born.": "Tout est arriv\u00e9 lorsque le fondateur de l\u2019entreprise est entr\u00e9 dans le secteur du d\u00e9m\u00e9nagement domestique aux \u00c9tats-Unis. Apr\u00e8s avoir travaill\u00e9 4 ans dans le secteur, il a d\u00e9m\u00e9nag\u00e9 en Roumanie, o\u00f9 il a rejoint une autre entreprise de transport et a acquis encore plus d\u2019expertise dans ce domaine. Apr\u00e8s quelques ann\u00e9es de plus et \u00e9tant frustr\u00e9 par la fa\u00e7on dont les entreprises ne parvenaient pas \u00e0 fournir un service de haute qualit\u00e9 et y voyant une grande opportunit\u00e9, il a d\u00e9cid\u00e9 de laisser son c\u00f4t\u00e9 entrepreneurial parler plus fort et de d\u00e9marrer sa propre entreprise. C\u2019est l\u00e0 qu\u2019est n\u00e9e Easy move Europe.", "We are currently able to meet any existing demand and the more than 37,000 vans that are part of our network give us the ability to offer our customers the best prices without compromising on quality. To support all of this we have a team of experts who really do what they love and are adequately compensated so they can go beyond the obvious.": "Nous sommes actuellement en mesure de r\u00e9pondre \u00e0 toute demande existante et les plus de 37 000 fourgonnettes qui font partie de notre r\u00e9seau nous permettent d\u2019offrir \u00e0 nos clients les meilleurs prix sans compromettre la qualit\u00e9. Pour soutenir tout cela, nous avons une \u00e9quipe d\u2019experts qui font vraiment ce qu\u2019ils aiment et sont correctement r\u00e9mun\u00e9r\u00e9s afin qu\u2019ils puissent aller au-del\u00e0 de l\u2019\u00e9vidence.", "\"In business and relationships, my rule is to act with others the way we would like others to act with me, because that way we will always be fair\u201d": "\u00ab\u00a0Dans les affaires et les relations, ma r\u00e8gle est d\u2019agir avec les autres comme nous aimerions que les autres agissent avec moi, car de cette fa\u00e7on, nous serons toujours justes\u00a0\u00bb", "Vans across Europe": "\u00e0 travers l'Europe", "Logistics experts": "Experts en logistique", "Years of experience": "Ann\u00e9es d\u2019exp\u00e9rience", "Happy clients": "Clients heureux", "I am already member": "Je suis d\u00e9j\u00e0 membre", "Account Details": "D\u00e9tails des comptes", "So we know where to contact you": "Nous savons donc o\u00f9 vous contacter", "I agree to join EasyMoveEurope\u2019s mailing list": "J\u2019accepte de rejoindre la liste de diffusion d\u2019EasyMoveEurope", "Company details": "Donn\u00e9es de la soci\u00e9t\u00e9", "Enables long-term benefits & VAT deduction": "Permet des avantages \u00e0 long terme", "Please input company name": "Veuillez saisir un pr\u00e9nom valide", "Please input contact name": "Veuillez saisir le nom du contact", "Please input company country": "Veuillez saisir le pays de l\u2019entreprise", "Vat ID not in valid format": "Num\u00e9ro de TVA non au format valide", "Tell us more about your company": "Parlez-nous davantage de votre entreprise", "We will use this information to tailor your service experience": "Nous utiliserons ces informations pour personnaliser votre exp\u00e9rience de service", "&lt; 5": "NO QUERY SPECIFIED. EXAMPLE REQUEST: GET?Q=HELLO&LANGPAIR=EN|IT", "5-20": "5-20", "25+": "25", "Domestic": "National", "International": "International", "Get\u2019s started": "Commencer", "Please Register to continue with us": "S\u2019il vous pla\u00eet inscrivez-vous pour continuer avec nous", "Already have an account?": "Tu as d\u00e9j\u00e0 un compte ?", "Login": "Connexion", "Create an account": "Cr\u00e9er un compte", "Log In": "Se connecter", "Don 't have an account?": "Vous n'avez pas encore de compte\u00a0?", "Register": "S'inscrire", "Or login with": "Ou connectez-vous avec", "Forgot Password?": "Mot de passe oubli\u00e9\u00a0?", "You can reset your password here.": "Vous pouvez r\u00e9initialiser votre mot de passe ici.", "Sign up": "S'inscrire", "Terms of service": "Conditions g\u00e9n\u00e9rales d\u2019utilisation", "Upcoming Booking": "R\u00e9servation \u00e0 venir", "Previous Bookings": "R\u00e9servations pr\u00e9c\u00e9dentes", "date": "date", "Slot time": "Temps de cr\u00e9neau", "9:30am - 11:30am": "09:30-11:30", "12:30pm - 2:30pm": "12 h 30 - 14 h 30", "Registration Number": "Num\u00e9ro d'enregistrement", "Price": "Prix", "Overview": "Vue d'ensemble", "Upcoming Service": "Service \u00e0 venir", "Past Service": "Co\u00fbt des prestations pass\u00e9es vers\u00e9es", "Sr.No.": "N\u00b0 de s\u00e9rie", "Pickup": "Ramassage", "Destination": "Destination", "Date": "Date", "Value": "Valeur", "collection_day": "collection_day", "Profile Details": "D\u00e9tails", "ID:": "ID:", "Company Name:": "Nom de l\u2019entreprise :", "Phone:": "T\u00e9l\u00e9phone\u00a0:", "Company Country:": "Soci\u00e9t\u00e9: Pays:", "VAT-ID:": "N\u00b0 TVA -", "Close": "Fermer", "Save changes": "Enregistrer les modifications", "Company Name": "Raison sociale", "Email": "E-mail", "Phone": "T\u00e9l\u00e9phone", "Company Country": "Pays de la soci\u00e9t\u00e9", "VAT-ID": "N\u00b0 TVA -", "Password": "Mot de passe", "Password:": "Mot de passe\u00a0:", "New Password:": "Nouveau mot de passe :", "Confirm Password:": "Confirmer mot de passe :", "Contact us": "Contactez-nous", "Location:": "Localisation :", "A108 Adam Street, New York, NY 535022": "A108 Adam Street, New York, NY 535022", "Email:": "Adresse \u00e9lectronique:", "Call:": "appeler:", "Loading": "Chargement", "Your message has been sent. Thank you!": "Votre message a \u00e9t\u00e9 envoy\u00e9. Merci !", "Send Message": "Envoyer un message", "New Order": "Nouvelle commande", "Dedicated Van Service": "Service de fourgonnette d\u00e9di\u00e9", "For residential or commercial move,": "Pour un d\u00e9m\u00e9nagement r\u00e9sidentiel ou commercial,", "Type to search": "Type de recherche", "Austria": "L'Autriche", "Belgium": "Belgique", "Bulgaria": "Bulgarie", "Croatia": "Croatie", "Czech Republic": "R\u00e9publique tch\u00e8que", "Denmark": "Danemark", "Estonia": "Estonie", "Finland": "Finlande", "France": "France", "Germany": "Allemagne", "Greece": "Gr\u00e8ce", "Hungary": "Hongrie", "Ireland": "Irlande", "Italy": "Italie", "Latvia": "Lettonie", "Lithuania": "Lituanie", "Luxembourg": "Luxembourg\u00a0:", "Netherlands": "Pays-Bas", "Norway": "La Norv\u00e8ge", "Poland": "Pologne", "Portugal": "Le Portugal", "Romania": "Roumanie", "Serbia": "Serbie", "Slovakia": "Slovaquie", "Slovenia": "Slov\u00e9nie", "Spain": "Espagne", "Sweden": "Su\u00e8de", "Switzerland": "Suisse", "United Kingdom": "Royaume-Uni", "Continue": "Continuer", "How it works": "Comment \u00e7a fonctionne", "Enter the addresses": "Saisissez les adresses", "Get the price instantly": "Obtenez le prix instantan\u00e9ment", "Book the transport": "le transport", "Prepare your goods": "Pr\u00e9parez vos marchandises", "Collection": "Collection", "Delivery": "Livraison", "For your company or for a private move, the dedicated van service is the ideal solution.": "Pour votre entreprise ou pour un d\u00e9m\u00e9nagement priv\u00e9, le service van d\u00e9di\u00e9 est la solution id\u00e9ale.", "Advantages:": "Avantages :", "Rodrigo Farias": "Rodrigo Farias", "Entrepreneu": "Entrepreneu", "Ava Williams": "Ava Williams", "Client from UK": "Client du Royaume-Uni", "Frequently Asked Questions": "Foire Aux Questions", "Hazardous goods:": "Cat\u00e9gories de marchandises dangereuses", "Illegal goods:": "Marchandises ill\u00e9gales\u00a0:", "Livestock:": "B\u00e9tail  :", "Money:": "Argent :", "Securities:": "Titres\u00a0:", "Contact details": "Coordonn\u00e9es", "Van Type": "Type de fourgon", "Add-ons": "Extensions", "Content": "Contenu", "EasyMoveEurope": "EasyMoveEurope", "Dashboard": "Tableau de Bord", "My Profile": "Mon profil", "Useful Links": "Liens utiles", "Home": "Foyer", "About us": "\u00c0 propos de nous", "Terms and Conditions": "Conditions g\u00e9n\u00e9rales", "Contact Us": "Contact Us", "Contact": "Contact", "Open Account": "Ouvrir un compte", "English": "Anglais", "Deutsch": "Allemand", "Italiano": "Italiano", "Fran\u00e7ais": "Fran\u00e7ais", "Espa\u00f1ol": "Espa\u00f1ol", "Polish": "Polonais", "Romanian": "Roumain", "No": "Non", "Pickup Date": "Date du retrait", "Order Number": "Num\u00e9ro de r\u00e9servation", "To pay": "\u00c0 payer", "Status": "Statut", "From": "De", "To": "\u00c0", "Credit / Debit Card": "Carte de cr\u00e9dit / d\u00e9bit", "Proceed Payment With Debit / Card.": "Proc\u00e9der au paiement par d\u00e9bit / carte.", "Bank Transfer": "Paiement sur place", "Proceed Payment With Bank Transfer.": "Proc\u00e9dez au paiement par virement bancaire.", "Payment Details": "D\u00e9tails Paiement", "Name on Card": "Nom sur la carte", "Card Number": "Num\u00e9ro de la carte", "CVC": "CVC", "Expiration Month": "Mois d'expiration", "Expiration Year": "Ann\u00e9e d'expiration", "Fix the errors before you begin.": "Corrigez les erreurs avant de commencer.", "Order Information": "Informations relatives aux commandes", "Get a price": "Obtenir un tarif", "Who orders?": "Qui commande\u00a0?", "Company": "Compagnie", "Private Person": "Personne priv\u00e9e", "Pickup Address": "Adresse de r\u00e9cup\u00e9ration", "COUNTRY": "PAYS", "Please select the country": "Veuillez saisir le pays", "FIND THE ADDRESS": "Localisation", "SENDER": "\u00c9METTEUR", "PHONE NUMBER": "NUM\u00c9RO DE T\u00c9L\u00c9PHONE", "Add another collection address": "Ajouter une autre adresse de collecte", "Delivery Address": "Adresse de livraison", "Start typing your address": "Commencez \u00e0 taper puis choisissez l'une des propositions faites", "RECEIVER": "RECEPTEUR", "Add another delivery address": "Ajouter une autre adresse de livraison", "Select Van Type": "S\u00e9lectionner le type de camionnette", "Curtain sider": "C\u00f4t\u00e9 rideau", "Weight: 1000 kg": "Poids: \u00e0 partir de 1000 kg", "Capacity: 19 Cubic": "Capacit\u00e9\u00a0: 19 cubes", "Box": "Bo\u00eete", "Capacity: 13 Cubic": "Capacit\u00e9\u00a0: 13 cubes", "Extra Services:": "Produits & Services:", "Driver help - Loading": "Aide au conducteur - Chargement", "Driver help - Unloading": "Aide au conducteur - D\u00e9chargement", "Tail Lift": "Hayon \u00e9l\u00e9vateur", "Cargo information": "Informations sur la cargaison;", "CARGO": "CHARGE", "VALUE": "VALEUR", "Please enter the cargo value": "Veuillez saisir une valeur.", "Pickup options": "Options de prise en charge", "When do you want the pickup to take place?": "Quand souhaitez-vous que le ramassage ait lieu\u00a0?", "PICK-UP DATE": "date de prise en charge", "Please enter the pickup date": "Veuillez entrer la date de retrait", "NAME & SURNAME": "NOM", "EMAIL ADDRESS": "ADRESSE E-MAIL", "SPECIAL NOTES - OPTIONAL": "REMARQUES SP\u00c9CIALES - FACULTATIF", "Distance:": "Distance\u00a0:", "Duration:": "Dur\u00e9e :", "or": "ou", "Curtain side": "C\u00f4t\u00e9 rideau", "Box van": "Fourgonnette", "Curtain side is best for:": "Le c\u00f4t\u00e9 rideau est le meilleur pour\u00a0:", "Pallet shipment / custom loads": "Exp\u00e9dition de palettes/chargements personnalis\u00e9s", "Rear loading / side loading": "Chargement arri\u00e8re/chargement lat\u00e9ral", "Curtain-Side van + Tail Lift:": "Levage de la queue du fourgon c\u00f4t\u00e9 rideau\u00a0:", "Box van is best for:": "Box Van est le meilleur pour\u00a0:", "Rear loading": "chargement arri\u00e8re", "Type": "Typologie", "Curtain Sider is best for:": "Rideau Sider est le meilleur pour\u00a0:", "VAT Exemption": "Exemption de la TVA", "Privacy and Condition": "Confidentialit\u00e9 et conditions", "General terms": "Termes g\u00e9n\u00e9raux", "Cancellation and Refund": "Conditions d'annulation :", "Help to Load/Unload": "Aide au chargement/d\u00e9chargement", "About Insurance": "\u00c0 propos de l\u2019assurance", "Types of vans and measurements": "Types de fourgonnettes et mesures", "Data protection": "Protection des donn\u00e9es", "Name:": "Nom\u00a0:", "Full Name": "Nom complet", "For your Company or a Private Move - have a vehicle dedicated to you.": "Pour votre entreprise ou un d\u00e9m\u00e9nagement priv\u00e9 - avoir un v\u00e9hicule d\u00e9di\u00e9 \u00e0 vous.", "You can move anything in Europe with a van dedicated only for your cargo. For your company or for a private move, the dedicated van service is the ideal solution.": "Vous pouvez d\u00e9placer n'importe quoi en Europe avec une camionnette d\u00e9di\u00e9e uniquement \u00e0 votre cargaison. Pour votre entreprise ou pour un d\u00e9m\u00e9nagement priv\u00e9, le service van d\u00e9di\u00e9 est la solution id\u00e9ale.", "We have access to more than 37,000 vans spread across Europe, so we can collect your cargo any day and any time that you choose and deliver it in the time you need.": "Nous avons acc\u00e8s \u00e0 plus de 37 000 fourgonnettes r\u00e9parties dans toute l'Europe, afin que nous puissions r\u00e9cup\u00e9rer votre cargaison n'importe quel jour et n'importe quand que vous choisissez et la livrer \u00e0 l'heure dont vous avez besoin.", "Customized pick-up and delivery time": "Prise en charge et d\u00e9lai de livraison personnalis\u00e9s", "Collection and deliveries on weekends, day and night": "Collecte et livraisons le week-end, de jour comme de nuit", "No special packaging is required": "Aucun emballage sp\u00e9cial requis", "Ideal for transporting fragile items": "Id\u00e9al pour transporter des objets fragiles", "Get started for free!": "Commencez gratuitement!", "What will you be using EasyMoveEurope for?": "Pour quoi utiliserez-vous EasyMoveEurope\u00a0?", "Work & Business": "Travail", "Long-term benefits & VAT deduction": "Les avantages \u00e0 long terme", "Personal needs": "Besoins personnels", "You will be shipping as an individual": "Vous allez exp\u00e9dier en tant qu'individu", "With the dedicated van delivery, you do not need to package your shipment in any specific way. The shipper is able to accommodate the goods in the van however they like, packed or not. However, note that in the movement of the van on the highway one item can crash into the other causing damage and no one wants that to happen, so we still recommend protecting your goods for transport to avoid damage.": "Avec la livraison par camionnette d\u00e9di\u00e9e, vous n'avez pas besoin d'emballer votre envoi de mani\u00e8re sp\u00e9cifique. L'exp\u00e9diteur est en mesure d'accueillir les marchandises dans la camionnette comme il le souhaite, emball\u00e9 ou non. Cependant, notez que dans le mouvement de la camionnette sur l'autoroute, un article peut s'\u00e9craser sur l'autre causant des dommages et personne ne veut que cela se produise, nous recommandons donc toujours de prot\u00e9ger vos marchandises pour le transport afin d'\u00e9viter les dommages.", "For transport within the EU, no special documentation is usually required, but when the country of origin or destination is not part of the European Union, the customer always needs to prepare the documentation in advance. Each country has different rules, so you can consult us and we will guide you through this process.\n In some cases you will be able to prepare the necessary documentation only with our help, but most of the time it is a broker that will carry out this work.": "Pour le transport au sein de l'UE, aucune documentation sp\u00e9ciale n'est g\u00e9n\u00e9ralement requise, mais lorsque le pays d'origine ou de destination ne fait pas partie de l'Union europ\u00e9enne, le client doit toujours pr\u00e9parer la documentation \u00e0 l'avance. Chaque pays a des r\u00e8gles diff\u00e9rentes, vous pouvez donc nous consulter et nous vous guiderons tout au long de ce processus.\n Dans certains cas, vous ne pourrez pr\u00e9parer la documentation n\u00e9cessaire qu'avec notre aide, mais la plupart du temps, c'est un courtier qui effectuera ce travail.", "How to pack the goods for shipping?": "Comment emballer les marchandises pour l'exp\u00e9dition\u00a0?", "For transport within the EU, no special documentation is usually required, but when the country of origin or destination is not part of the European Union, the customer always needs to prepare the documentation in advance. Each country has different rules, so you can consult us and we will guide you through this process.\n  In some cases you will be able to prepare the necessary documentation only with our help, but most of the time it is a broker that will carry out this work.": "Pour le transport au sein de l'UE, aucune documentation sp\u00e9ciale n'est g\u00e9n\u00e9ralement requise, mais lorsque le pays d'origine ou de destination ne fait pas partie de l'Union europ\u00e9enne, le client doit toujours pr\u00e9parer la documentation \u00e0 l'avance. Chaque pays a des r\u00e8gles diff\u00e9rentes, vous pouvez donc nous consulter et nous vous guiderons tout au long de ce processus.\n  Dans certains cas, vous ne pourrez pr\u00e9parer la documentation n\u00e9cessaire qu'avec notre aide, mais la plupart du temps, c'est un courtier qui effectuera ce travail.", "About custom procedures, when should I be concerned and who should take care of it for me?": "\u00c0 propos des proc\u00e9dures douani\u00e8res, quand dois-je m'en pr\u00e9occuper et qui devrait s'en occuper pour moi\u00a0?", "Bonds, stocks, negotiable documents and all types of securities.": "Obligations, actions, documents n\u00e9gociables et tous types de titres.", "Currencies, banknotes and coins.": "Devises, billets de banque et pi\u00e8ces de monnaie.", "Live stock animals, horses, pets, mice, worms, insects.": "Animaux vivants, chevaux, animaux de compagnie, souris, vers, insectes.", "Drugs, endangered species, other products illegal under EU laws.": "Drogues, esp\u00e8ces menac\u00e9es, autres produits ill\u00e9gaux en vertu de la l\u00e9gislation de l'UE.", "e.g. firearms, explosives, ammunition, hazardous materials, radioactives.": "par exemple, armes \u00e0 feu, explosifs, munitions, mati\u00e8res dangereuses, radioactifs.", "What can\u2019t be shipped?": "Qu'est-ce qui ne peut pas \u00eatre exp\u00e9di\u00e9\u00a0?", "When you hire the help service, you need to consider that the driver will help to load/unload from the first floor level to the van and vice versa. For cases where loading/unloading is in apartments that do not have an elevator, you need to let us know in advance, as not all drivers are physically able to go up and down stairs.": "Lorsque vous engagez le service d'aide, vous devez tenir compte du fait que le chauffeur vous aidera \u00e0 charger/d\u00e9charger du niveau du premier \u00e9tage \u00e0 la camionnette et vice versa. Pour les cas o\u00f9 le chargement/d\u00e9chargement se fait dans des appartements qui n'ont pas d'ascenseur, vous devez nous en informer \u00e0 l'avance, car tous les conducteurs ne sont pas physiquement en mesure de monter et descendre les escaliers.", "How does the help service work?": "Comment fonctionne ce service ?", "No, please note that the driver's main focus is driving and he will help load and/or unload the cargo if this is contracted to at the time you hire the transport.\n Please note that not all drivers are physically able to help, so you need to let us know in advance so that the ideal driver is chosen.": "Non, veuillez noter que le conducteur se concentre principalement sur la conduite et qu'il aidera \u00e0 charger et/ou d\u00e9charger la cargaison si celle-ci est contract\u00e9e au moment o\u00f9 vous louez le transport.\n Veuillez noter que tous les chauffeurs ne sont pas physiquement en mesure d'aider, vous devez donc nous en informer \u00e0 l'avance afin que le chauffeur id\u00e9al soit choisi.", "Will the driver always help to load/unload the load?": "Le conducteur aidera-t-il toujours \u00e0 charger/d\u00e9charger la charge\u00a0?", "Do you have only these two types of vans and measurements?": "Avez-vous seulement ces deux types de fourgonnettes et de mesures\u00a0?", "Yes, every shipment with our dedicated van delivery is covered by CMR conventions and extended liability is also available (for commercial shipments). The value is currently around 10 euros per kilo and apply to occurrence of theft, damaged goods, gross negligence in international and domestic transport.": "Oui, chaque envoi avec notre livraison d\u00e9di\u00e9e est couvert par les conventions CMR et une responsabilit\u00e9 \u00e9tendue est \u00e9galement disponible (pour les envois commerciaux). La valeur est actuellement d'environ 10 euros par kilo et s'applique \u00e0 la survenance de vols, de marchandises endommag\u00e9es, de n\u00e9gligence grave dans les transports internationaux et nationaux.", "Is there any insurance included when I hire the van service?": "Y a-t-il une assurance incluse lorsque je loue le service de camionnette\u00a0?", "You can move anything in Europe with a van dedicated only for your cargo. For your company\n  or\n for a private move, the dedicated van service is the ideal solution.\n <br/>\n We have access to more than 37,000 vans spread across Europe, so we can collect your cargo\n any\n day and any time that you choose and deliver it in the time you need.": "Vous pouvez d\u00e9placer n'importe quoi en Europe avec une camionnette d\u00e9di\u00e9e uniquement \u00e0 votre cargaison. Pour votre entreprise\n  ou\n pour un d\u00e9m\u00e9nagement priv\u00e9, le service van d\u00e9di\u00e9 est la solution id\u00e9ale.\n <br/>\n Nous avons acc\u00e8s \u00e0 plus de 37 000 fourgonnettes r\u00e9parties dans toute l'Europe, afin que nous puissions r\u00e9cup\u00e9rer votre cargaison\n n'importe quel\n jour et n'importe quand que vous choisissez et la livrer \u00e0 l'heure dont vous avez besoin.", "Customized pick-up and delivery time- Collection and deliveries on weekends, day and night -Same day collection available for urgent transport": "Retrait et d\u00e9lai de livraison personnalis\u00e9s - Retrait et livraisons les week-ends, jour et nuit - Retrait le jour m\u00eame disponible pour un transport urgent", "Transport of heavy and bulky items -No special\n packaging is required -Ideal for transporting fragile items": "Transport d'objets lourds et volumineux - Pas de sp\u00e9cial\n l'emballage est n\u00e9cessaire - Id\u00e9al pour le transport d'articles fragiles", "James Kaljes (Founder and CO of Easy move Europe)": "James Kaljes (fondateur et CO de Easy Move Europe)", "\u201cWith our friends of Easy move, we can put our cargo in their hands and focus on our\n business, as they are reliable and extremely professional.\n  <br/>\n With them, we don't have dissatisfied customers calling us asking where the cargo is\n or complaining about delays.\u201d": "\u00ab&nbsp;Avec nos amis de Easy Move, nous pouvons mettre notre cargaison entre leurs mains et nous concentrer sur notre\n entreprise, car ils sont fiables et extr\u00eamement professionnels.\n  <br/>\n Avec eux, nous n'avons pas de clients insatisfaits qui nous appellent pour nous demander o\u00f9 se trouve la cargaison\n ou qui se plaignent de retards.&nbsp;\u00bb", "\u201cWe have already used Easy Move Europe's services 2 times for relocation and each\n time they have been extremely efficient\n <br/>\n And always go above and beyond expectations. I have already recommended it to\n several friends and they are all satisfied.\u201c": "\u00ab&nbsp;Nous avons d\u00e9j\u00e0 utilis\u00e9 les services d'Easy Move Europe \u00e0 deux reprises pour la relocalisation et chaque\n fois, ils ont \u00e9t\u00e9 extr\u00eamement efficaces\n                                    <br/>\n                                    et vont toujours au-del\u00e0 des attentes. Je l'ai d\u00e9j\u00e0 recommand\u00e9 \u00e0\n plusieurs amis et ils sont tous satisfaits.&nbsp;\u00bb", "rent a dedicated van with driver": "Camionnette d\u00e9di\u00e9e avec chauffeur", "From (Pickup Country)": "De (pays de ramassage)", "To (Delivery Country)": "Vers (Pays de livraison)", "Copyright": "Droits d'auteur", "All Rights Reserved": "Tous droits r\u00e9serv\u00e9s", "My account": "Mon compte", "No, we have other types, models and sizes of vans. The size you see in the description is an average, sizes may vary. We will always try to maintain the capacity contracted by you (13 and 19 cubic meters), so it is important that you provide us with as much information as possible about your cargo so that we can send you the appropriate van. To transport dangerous items we also have the ADR van and to transport perishable items that need controlled temperature, we have the refrigerated vans, which can be hired separately, just contact us via email or phone and we will provide you with a quote.": "Non, nous avons d\u2019autres types, mod\u00e8les et tailles de fourgonnettes. La taille que vous voyez dans la description est une moyenne, les tailles peuvent varier. Nous essaierons toujours de maintenir la capacit\u00e9 contract\u00e9e par vous (13 et 19 m\u00e8tres cubes), il est donc important que vous nous fournissiez autant d\u2019informations que possible sur votre cargaison afin que nous puissions vous envoyer le fourgon appropri\u00e9. Pour transporter des articles dangereux, nous avons \u00e9galement le fourgon ADR et D Pour transporter des denr\u00e9es p\u00e9rissables qui n\u00e9cessitent une temp\u00e9rature contr\u00f4l\u00e9e, nous avons les fourgonnettes r\u00e9frig\u00e9r\u00e9es, qui peuvent \u00eatre lou\u00e9es s\u00e9par\u00e9ment, il suffit de nous contacter par e-mail ou par t\u00e9l\u00e9phone et nous vous fournirons un devis.", "Day of collection": "Journ\u00e9e de la collecte"}