{"About US": "Chi siamo", "Easy Move Europe is a online digital platform that connects companies and private persons to a huge van network, simplifying and making relocation of personal and business assets affordable.": "Easy Move Europe \u00e8 una piattaforma digitale online che collega aziende e privati a un'enorme rete di furgoni, semplificando e rendendo accessibile il trasferimento di beni personali e aziendali.", "It all came about when the company founder entered the US domestic moving business. After working 4 years in the sector, he moved to Romania, where he rejoined another transport company and acquired even more expertise in this business. After a few more years and being frustrated by the way companies failed to provide a high quality service and seeing a great opportunity there, he decided to let his entrepreneurial side speak louder and start his own business. There, Easy move Europe was born.": "Tutto \u00e8 nato quando il fondatore dell'azienda \u00e8 entrato nel business dei traslochi domestici negli Stati Uniti. Dopo aver lavorato 4 anni nel settore, si \u00e8 trasferito in Romania, dove \u00e8 rientrato in un'altra azienda di trasporti e ha acquisito ancora pi\u00f9 esperienza in questo settore. Dopo alcuni anni ed essendo frustrato dal modo in cui le aziende non sono riuscite a fornire un servizio di alta qualit\u00e0 e vedendo una grande opportunit\u00e0 l\u00ec, ha deciso di lasciare che il suo lato imprenditoriale parlasse pi\u00f9 forte e avviare la propria attivit\u00e0. L\u00ec \u00e8 nata Easy move Europe.", "We are currently able to meet any existing demand and the more than 37,000 vans that are part of our network give us the ability to offer our customers the best prices without compromising on quality. To support all of this we have a team of experts who really do what they love and are adequately compensated so they can go beyond the obvious.": "Attualmente siamo in grado di soddisfare qualsiasi domanda esistente e gli oltre 37.000 furgoni che fanno parte della nostra rete ci danno la possibilit\u00e0 di offrire ai nostri clienti i migliori prezzi senza compromettere la qualit\u00e0. A supporto di tutto questo abbiamo un team di esperti che fanno davvero ci\u00f2 che amano e sono adeguatamente compensati in modo che possano andare oltre l'ovvio.", "\"In business and relationships, my rule is to act with others the way we would like others to act with me, because that way we will always be fair\u201d": "\"Negli affari e nelle relazioni, la mia regola \u00e8 di agire con gli altri nel modo in cui vorremmo che gli altri agissero con me, perch\u00e9 in questo modo saremo sempre equi\"", "Vans across Europe": "Furgoni in tutta Europa", "Logistics experts": "Esperti di logistica", "Years of experience": "Anni di esperienza lavorativa", "Happy clients": "Clienti soddisfatti", "I am already member": "Sono gi\u00e0 iscritto:", "Account Details": "Dettagli account", "So we know where to contact you": "Quindi sappiamo dove contattarti", "I agree to join EasyMoveEurope\u2019s mailing list": "Accetto di iscrivermi alla mailing list di EasyMoveEurope", "Company details": "Dati aziendali", "Enables long-term benefits & VAT deduction": "Consente vantaggi a lungo termine", "Please input company name": "Inserire la ragione sociale dell\u2019Azienda.", "Please input contact name": "Si prega di inserire il nome del contatto", "Please input company country": "Inserire la ragione sociale dell\u2019Azienda.", "Vat ID not in valid format": "Partita IVA non in formato valido", "Tell us more about your company": "Scrivici per parlarci della tua azienda", "We will use this information to tailor your service experience": "Utilizzeremo queste informazioni per personalizzare la tua esperienza di servizio", "5-20": "5-20", "Domestic": "Nazionale", "International": "Internazionale", "Get\u2019s started": "Inizia subito", "Please Register to continue with us": "Si prega di registrarsi per continuare con noi", "Already have an account?": "Hai gi\u00e0 un account con CookieYes?", "Login": "Accedi", "Create an account": "Voglio registrarmi e creare un account (consigliato)", "Log In": "Accedi", "Don 't have an account?": "Non hai un account?", "Register": "Registro", "Or login with": "O accedi con", "Forgot Password?": "Password dimenticata?", "You can reset your password here.": "Puoi reimpostare la password qui.", "Sign up": "Registrati", "Terms of service": "Termini di servizio", "Upcoming Booking": "PROSSIME PRENOTAZIONI", "Previous Bookings": "VISUALIZZA LE PRENOTAZIONI PRECEDENTI", "date": "data", "Slot time": "Orario", "9:30am - 11:30am": "9:30 - 11:30", "12:30pm - 2:30pm": "12:30 - 14:30", "Registration Number": "Numero di registrazione", "Price": "Prezzo", "Overview": "Panoramica", "Upcoming Service": "Servizio imminente", "Past Service": "Costo relativo alle prestazioni di lavoro passate", "Sr.No.": "Sr. No.", "Pickup": "Ritiro", "Destination": "Destinazione", "Date": "Data", "Value": "Valore", "collection_day": "collection_day", "Profile Details": "Dettagli profilo", "ID:": "ID:", "Company Name:": "Nome dell'azienda:", "Phone:": "Telefono:", "Company Country:": "Casa: Paese:", "VAT-ID:": "ID IVA", "Close": "Chiudi", "Save changes": "Salva modifiche", "Company Name": "Nome Societ\u00e0", "Email": "E-mail", "Phone": "Telefono", "Company Country": "Paese societ\u00e0", "VAT-ID": "ID IVA", "Password": "Password", "Password:": "Password:", "New Password:": "Nuova Password:", "Confirm Password:": "Conferma Password:", "Contact us": "Contattaci", "Location:": "Luogo:", "A108 Adam Street, New York, NY 535022": "A108 Adam Street, New York, NY 535022", "Email:": "Email:", "Call:": "Chiama :", "Loading": "Caricamento", "Your message has been sent. Thank you!": "Il tuo messaggio \u00e8 stato inviato. Grazie!", "Send Message": "Invia messaggio", "New Order": "Nuovo ordine", "Dedicated Van Service": "Servizio furgoni dedicato", "For residential or commercial move,": "Per traslochi residenziali o commerciali,", "Type to search": "Digita per cercare", "Austria": "Austria", "Belgium": "Belgio", "Bulgaria": "Bulgaria", "Croatia": "Croazia", "Czech Republic": "Repubblica Ceca", "Denmark": "Danimarca", "Estonia": "Estonia", "Finland": "Finlandia", "France": "Francia", "Germany": "Germania", "Greece": "Grecia", "Hungary": "Ungheria", "Ireland": "Irlanda", "Italy": "Italia.", "Latvia": "Lettonia", "Lithuania": "Lituania", "Luxembourg": "Lussemburgo", "Netherlands": "Paesi Bassi", "Norway": "Norvegia", "Poland": "Polonia.", "Portugal": "Portogallo", "Romania": "Romania", "Serbia": "Serbia", "Slovakia": "Slovacchia", "Slovenia": "Slovenia", "Spain": "Spagna.", "Sweden": "Svezia", "Switzerland": "Svizzera", "United Kingdom": "Regno Unito", "Continue": "Continua", "How it works": "Come funziona", "Enter the addresses": "Inserisci gli indirizzi", "Get the price instantly": "Ottieni il prezzo all'istante", "Book the transport": "Il Trasporto", "Prepare your goods": "Prepara la tua merce", "Collection": "Serie", "Delivery": "A Domicilio", "For your company or for a private move, the dedicated van service is the ideal solution.": "Per la tua azienda o per un trasloco privato, il servizio furgoni dedicato \u00e8 la soluzione ideale.", "Advantages:": "Vantaggi:", "Rodrigo Farias": "Rodrigo Farias", "Entrepreneu": "Entrepreneu", "Ava Williams": "Ava Williams", "Client from UK": "Cliente dal Regno Unito", "Frequently Asked Questions": "Domande frequenti", "Hazardous goods:": "Merci Pericolose", "Illegal goods:": "Merci illegali:", "Livestock:": "Allevamento", "Money:": "Denaro:", "Securities:": "Titoli", "Contact details": "Informazioni di Contatto", "Van Type": "TIPOLOGIA FURGONE", "Add-ons": "Campi Personalizzati", "Content": "Contenuto", "EasyMoveEurope": "EasyMoveEurope", "Dashboard": "Pannello di controllo", "My Profile": "Il mio profilo", "Useful Links": "Link utili", "Home": "Home", "About us": "Chi siamo", "Terms and Conditions": "Termini e Condizioni", "Contact Us": "Contattaci", "Contact": "Contatto", "Open Account": "Apri un conto", "English": "Italiano", "Deutsch": "Deutsch", "Italiano": "Italiano", "Fran\u00e7ais": "Fran\u00e7ais", "Espa\u00f1ol": "Espa\u00f1ol", "Polish": "Polacco", "Romanian": "Rumeno", "No": "No", "Pickup Date": "Data di ritiro", "Order Number": "Numero ordine", "To pay": "Totale dovuto", "Status": "Stato", "From": "Mittente", "To": "SpettLe", "Credit / Debit Card": "Carta di credito / debito", "Proceed Payment With Debit / Card.": "Procedi al pagamento con bancomat / carta.", "Bank Transfer": "Trasferimento bancario", "Proceed Payment With Bank Transfer.": "Procedi al pagamento con bonifico bancario.", "Payment Details": "Informazioni per il pagamento", "Name on Card": "Nome sulla carta", "Card Number": "Numero carta", "CVC": "CVC", "Expiration Month": "Mese di scadenza", "Expiration Year": "Anno di scadenza", "Fix the errors before you begin.": "Correggere gli errori prima di iniziare.", "Order Information": "Informazioni sull'ordine", "Get a price": "\u00b7 un prezzo", "Who orders?": "Chi ordina\u2026", "Company": "Societ\u00e0", "Private Person": "Utente privato", "Pickup Address": "Indirizzo di Ritiro", "COUNTRY": "COUNTRY", "Please select the country": "Per favore, seleziona il paese!", "FIND THE ADDRESS": "Trova l'Indirizzo", "SENDER": "MITTENTE", "PHONE NUMBER": "NUMERO DI TELEFONO", "Add another collection address": "Aggiungere un altro indirizzo di raccolta", "Delivery Address": "Indirizzo di spedizione", "Start typing your address": "Inizia a digitare il tuo indirizzo", "RECEIVER": "RICEVITORE", "Add another delivery address": "Aggiungi un altro indirizzo di consegna", "Select Van Type": "Seleziona il tipo di furgone", "Curtain sider": "Tenda sider", "Weight: 1000 kg": "Peso: 1000 kg", "Capacity: 19 Cubic": "Capacit\u00e0: 19 Cubi", "Box": "Casella Postale", "Capacity: 13 Cubic": "Capacit\u00e0: 13 cubi", "Extra Services:": "Servizi extra:", "Driver help - Loading": "Guida del driver - Caricamento in corso", "Driver help - Unloading": "Aiuto per il conducente - Scarico", "Tail Lift": "Sponda Idraulica", "Cargo information": "Informazioni sul carico", "CARGO": "CARGO", "VALUE": "VALORE", "Please enter the cargo value": "Immettere il valore.", "Pickup options": "Opzioni di ritiro", "When do you want the pickup to take place?": "Quando vuoi che avvenga il ritiro?", "PICK-UP DATE": "DATA DI RITIRO", "Please enter the pickup date": "Inserisci la data di ritiro", "NAME & SURNAME": "NOMINATIVO", "EMAIL ADDRESS": "INDIRIZZO EMAIL", "SPECIAL NOTES - OPTIONAL": "NOTE SPECIALI - OPZIONALE", "Distance:": "Distanza:", "Duration:": "Durata:", "or": "oppure", "Curtain side": "Lato tenda", "Box van": "Camper", "Curtain side is best for:": "Il lato della tenda \u00e8 il migliore per:", "Pallet shipment / custom loads": "Spedizione pallet / carichi personalizzati", "Rear loading / side loading": "Carico posteriore / carico laterale", "Curtain-Side van + Tail Lift:": "Sollevatore posteriore per furgoni a tendina:", "Box van is best for:": "Box van \u00e8 il migliore per:", "Rear loading": "carico posteriore", "Type": "Tipologia", "Curtain Sider is best for:": "Curtain Sider \u00e8 ideale per:", "VAT Exemption": "Esenzione IVA", "Privacy and Condition": "Privacy e condizioni", "General terms": "Termini generali", "Cancellation and Refund": "Annullamento e rimborso", "Help to Load/Unload": "Aiuto per caricare/scaricare", "About Insurance": "Informazioni sull'assicurazione", "Types of vans and measurements": "Tipi di furgoni e misure", "Data protection": "Protezione dei dati", "Name:": "Nome:", "Full Name": "Nome completo", "For your Company or a Private Move - have a vehicle dedicated to you.": "Per la tua azienda o un trasloco privato - avere un veicolo dedicato a te.", "You can move anything in Europe with a van dedicated only for your cargo. For your company or for a private move, the dedicated van service is the ideal solution.": "Puoi spostare qualsiasi cosa in Europa con un furgone dedicato solo al tuo carico. Per la tua azienda o per un trasloco privato, il servizio furgoni dedicato \u00e8 la soluzione ideale.", "We have access to more than 37,000 vans spread across Europe, so we can collect your cargo any day and any time that you choose and deliver it in the time you need.": "Abbiamo accesso a oltre 37.000 furgoni sparsi in tutta Europa, quindi possiamo ritirare il tuo carico in qualsiasi giorno e in qualsiasi momento tu scelga e consegnarlo nel tempo necessario.", "Customized pick-up and delivery time": "Tempi di ritiro e consegna personalizzati", "Collection and deliveries on weekends, day and night": "Ritiro e consegne nei fine settimana, giorno e notte", "No special packaging is required": "Non \u00e8 richiesto alcun imballaggio speciale", "Ideal for transporting fragile items": "Ideale per il trasporto di oggetti fragili", "Get started for free!": "Inizia gratis", "What will you be using EasyMoveEurope for?": "Per cosa utilizzerai EasyMoveEurope?", "Work & Business": "Lavoro", "Long-term benefits & VAT deduction": "Benefici a lungo termine", "Personal needs": "bisogni speciali", "You will be shipping as an individual": "Spedirai come individuo", "With the dedicated van delivery, you do not need to package your shipment in any specific way. The shipper is able to accommodate the goods in the van however they like, packed or not. However, note that in the movement of the van on the highway one item can crash into the other causing damage and no one wants that to happen, so we still recommend protecting your goods for transport to avoid damage.": "Con la consegna furgone dedicato, non \u00e8 necessario imballare la spedizione in alcun modo specifico. Lo spedizioniere \u00e8 in grado di ospitare la merce nel furgone come preferisce, imballata o meno. Tuttavia, si noti che nel movimento del furgone in autostrada un articolo pu\u00f2 schiantarsi contro l'altro causando danni e nessuno vuole che ci\u00f2 accada, quindi consigliamo comunque di proteggere la merce per il trasporto per evitare danni.", "For transport within the EU, no special documentation is usually required, but when the country of origin or destination is not part of the European Union, the customer always needs to prepare the documentation in advance. Each country has different rules, so you can consult us and we will guide you through this process.\n In some cases you will be able to prepare the necessary documentation only with our help, but most of the time it is a broker that will carry out this work.": "Per il trasporto all'interno dell'UE, di solito non \u00e8 richiesta alcuna documentazione speciale, ma quando il paese di origine o di destinazione non fa parte dell'Unione Europea, il cliente deve sempre preparare la documentazione in anticipo. Ogni paese ha regole diverse, quindi puoi consultarci e ti guideremo attraverso questo processo.\n In alcuni casi sarai in grado di preparare la documentazione necessaria solo con il nostro aiuto, ma il pi\u00f9 delle volte \u00e8 un broker che eseguir\u00e0 questo lavoro.", "How to pack the goods for shipping?": "Come imballare la merce per la spedizione?", "For transport within the EU, no special documentation is usually required, but when the country of origin or destination is not part of the European Union, the customer always needs to prepare the documentation in advance. Each country has different rules, so you can consult us and we will guide you through this process.\n  In some cases you will be able to prepare the necessary documentation only with our help, but most of the time it is a broker that will carry out this work.": "Per il trasporto all'interno dell'UE, di solito non \u00e8 richiesta alcuna documentazione speciale, ma quando il paese di origine o di destinazione non fa parte dell'Unione Europea, il cliente deve sempre preparare la documentazione in anticipo. Ogni paese ha regole diverse, quindi puoi consultarci e ti guideremo attraverso questo processo.\n  In alcuni casi sarai in grado di preparare la documentazione necessaria solo con il nostro aiuto, ma il pi\u00f9 delle volte \u00e8 un broker che eseguir\u00e0 questo lavoro.", "About custom procedures, when should I be concerned and who should take care of it for me?": "Per quanto riguarda le procedure personalizzate, quando dovrei preoccuparmi e chi dovrebbe occuparsene per me?", "Bonds, stocks, negotiable documents and all types of securities.": "Obbligazioni, azioni, documenti negoziabili e tutti i tipi di titoli.", "Currencies, banknotes and coins.": "Valute, banconote e monete.", "Live stock animals, horses, pets, mice, worms, insects.": "Animali vivi, cavalli, animali domestici, topi, vermi, insetti.", "Drugs, endangered species, other products illegal under EU laws.": "Droghe, specie in via di estinzione, altri prodotti illegali ai sensi delle leggi dell'UE.", "e.g. firearms, explosives, ammunition, hazardous materials, radioactives.": "ad esempio armi da fuoco, esplosivi, munizioni, materiali pericolosi, radioattivi.", "What can\u2019t be shipped?": "Cosa non pu\u00f2 essere spedito?", "When you hire the help service, you need to consider that the driver will help to load/unload from the first floor level to the van and vice versa. For cases where loading/unloading is in apartments that do not have an elevator, you need to let us know in advance, as not all drivers are physically able to go up and down stairs.": "Quando si noleggia il servizio di assistenza, \u00e8 necessario considerare che l'autista aiuter\u00e0 a caricare/scaricare dal livello del primo piano al furgone e viceversa. Per i casi in cui il carico/scarico \u00e8 in appartamenti che non dispongono di ascensore, \u00e8 necessario comunicarcelo in anticipo, poich\u00e9 non tutti gli autisti sono fisicamente in grado di salire e scendere le scale.", "How does the help service work?": "come funziona il servizio?", "No, please note that the driver's main focus is driving and he will help load and/or unload the cargo if this is contracted to at the time you hire the transport.\n Please note that not all drivers are physically able to help, so you need to let us know in advance so that the ideal driver is chosen.": "No, si prega di notare che l'obiettivo principale del conducente \u00e8 la guida e aiuter\u00e0 a caricare e/o scaricare il carico se questo \u00e8 contratto al momento del noleggio del trasporto.\n Si prega di notare che non tutti i conducenti sono fisicamente in grado di aiutare, quindi \u00e8 necessario comunicarcelo in anticipo in modo che venga scelto il conducente ideale.", "Will the driver always help to load/unload the load?": "Il conducente aiuter\u00e0 sempre a caricare/scaricare il carico?", "Do you have only these two types of vans and measurements?": "Avete solo questi due tipi di furgoni e misure?", "Yes, every shipment with our dedicated van delivery is covered by CMR conventions and extended liability is also available (for commercial shipments). The value is currently around 10 euros per kilo and apply to occurrence of theft, damaged goods, gross negligence in international and domestic transport.": "S\u00ec, ogni spedizione con il nostro furgone dedicato \u00e8 coperta da convenzioni CMR ed \u00e8 disponibile anche la responsabilit\u00e0 estesa (per spedizioni commerciali). Il valore \u00e8 attualmente di circa 10 euro al chilo e si applica al verificarsi di furti, merci danneggiate, negligenza grave nel trasporto internazionale e nazionale.", "Is there any insurance included when I hire the van service?": "C'\u00e8 un'assicurazione inclusa quando noleggio il servizio di furgone?", "You can move anything in Europe with a van dedicated only for your cargo. For your company\n  or\n for a private move, the dedicated van service is the ideal solution.\n <br/>\n We have access to more than 37,000 vans spread across Europe, so we can collect your cargo\n any\n day and any time that you choose and deliver it in the time you need.": "Puoi spostare qualsiasi cosa in Europa con un furgone dedicato solo al tuo carico. Per la tua azienda\n  o\n per un trasloco privato, il servizio furgoni dedicato \u00e8 la soluzione ideale.\n <br/>\n Abbiamo accesso a pi\u00f9 di 37.000 furgoni sparsi in tutta Europa, quindi possiamo ritirare il tuo carico\n in qualsiasi\n giorno e in qualsiasi momento e consegnarlo nel tempo che ti serve.", "Customized pick-up and delivery time- Collection and deliveries on weekends, day and night -Same day collection available for urgent transport": "Orario di ritiro e consegna personalizzato - Ritiro e consegne nei fine settimana, giorno e notte - Ritiro lo stesso giorno disponibile per il trasporto urgente", "Transport of heavy and bulky items -No special\n packaging is required -Ideal for transporting fragile items": "Trasporto di oggetti pesanti e ingombranti -Non speciale\n l'imballaggio \u00e8 richiesto -Ideale per il trasporto di oggetti fragili", "James Kaljes (Founder and CO of Easy move Europe)": "James Kaljes (Fondatore e CO di Easy Move Europe)", "\u201cWith our friends of Easy move, we can put our cargo in their hands and focus on our\n business, as they are reliable and extremely professional.\n  <br/>\n With them, we don't have dissatisfied customers calling us asking where the cargo is\n or complaining about delays.\u201d": "\u201cCon i nostri amici di Easy Move, possiamo mettere il nostro carico nelle loro mani e concentrarci sulla nostra\n attivit\u00e0, in quanto sono affidabili ed estremamente professionali.\n  <br/>\n Con loro, non abbiamo clienti insoddisfatti che ci chiamano chiedendo dove si trova il carico\n o lamentando ritardi \".", "\u201cWe have already used Easy Move Europe's services 2 times for relocation and each\n time they have been extremely efficient\n <br/>\n And always go above and beyond expectations. I have already recommended it to\n several friends and they are all satisfied.\u201c": "\u201cAbbiamo gi\u00e0 utilizzato i servizi di Easy Move Europe 2 volte per il trasferimento e ogni\n volta sono stati estremamente efficienti\n                                    <br/>\n                                    e vanno sempre oltre le aspettative. L'ho gi\u00e0 consigliato a\n diversi amici e sono tutti soddisfatti.\u201d", "rent a dedicated van with driver": "Furgone dedicato con autista", "From (Pickup Country)": "Da(Paese di ritiro)", "To (Delivery Country)": "A (Paese di consegna)", "Copyright": "Copyright", "All Rights Reserved": "Tutti i diritti riservati", "My account": "Il mio account", "No, we have other types, models and sizes of vans. The size you see in the description is an average, sizes may vary. We will always try to maintain the capacity contracted by you (13 and 19 cubic meters), so it is important that you provide us with as much information as possible about your cargo so that we can send you the appropriate van. To transport dangerous items we also have the ADR van and to transport perishable items that need controlled temperature, we have the refrigerated vans, which can be hired separately, just contact us via email or phone and we will provide you with a quote.": "No, abbiamo altri tipi, modelli e dimensioni di furgoni. La dimensione che vedi nella descrizione \u00e8 una media, le dimensioni possono variare. Cercheremo sempre di mantenere la capacit\u00e0 da te contrattata (13 e 19 metri cubi), quindi \u00e8 importante che tu ci fornisca quante pi\u00f9 informazioni possibili sul tuo carico in modo che possiamo inviarti il furgone appropriato. Per il trasporto di articoli pericolosi abbiamo anche il furgone ADR e D per trasportare articoli deperibili che necessitano di temperatura controllata, abbiamo i furgoni refrigerati, che possono essere noleggiati separatamente, basta contattarci via email o telefono e vi forniremo un preventivo.", "Day of collection": "Giorno di raccolta"}