{"About US": "O nas", "About Us": "O nas", "Easy Move Europe is a online digital platform that connects companies and private persons to a huge van network, simplifying and making relocation of personal and business assets affordable.": "Easy Move Europe to internetowa platforma cyfrowa, kt\u00f3ra \u0142\u0105czy firmy i osoby prywatne z ogromn\u0105 sieci\u0105 samochod\u00f3w dostawczych, upraszczaj\u0105c i czyni\u0105c przenoszenie maj\u0105tku osobistego i biznesowego przyst\u0119pnymi cenowo.", "It all came about when the company founder entered the US domestic moving business. After working 4 years in the sector, he moved to Romania, where he rejoined another transport company and acquired even more expertise in this business. After a few more years and being frustrated by the way companies failed to provide a high quality service and seeing a great opportunity there, he decided to let his entrepreneurial side speak louder and start his own business. There, Easy move Europe was born.": "Wszystko zacz\u0119\u0142o si\u0119, gdy za\u0142o\u017cyciel firmy wszed\u0142 do ameryka\u0144skiego krajowego biznesu przeprowadzkowego. Po 4 latach pracy w bran\u017cy przeni\u00f3s\u0142 si\u0119 do Rumunii, gdzie ponownie do\u0142\u0105czy\u0142 do innej firmy transportowej i zdoby\u0142 jeszcze wi\u0119ksze do\u015bwiadczenie w tej bran\u017cy. Po kilku kolejnych latach i sfrustrowany sposobem, w jaki firmy nie zapewniaj\u0105 wysokiej jako\u015bci us\u0142ug i widz\u0105c tam wielk\u0105 szans\u0119, postanowi\u0142 pozwoli\u0107 swojej przedsi\u0119biorczej stronie m\u00f3wi\u0107 g\u0142o\u015bniej i za\u0142o\u017cy\u0107 w\u0142asn\u0105 firm\u0119. Tam narodzi\u0142a si\u0119 Easy Move Europe.", "We are currently able to meet any existing demand and the more than 37,000 vans that are part of our network give us the ability to offer our customers the best prices without compromising on quality. To support all of this we have a team of experts who really do what they love and are adequately compensated so they can go beyond the obvious.": "Obecnie jeste\u015bmy w stanie sprosta\u0107 ka\u017cdemu istniej\u0105cemu zapotrzebowaniu, a ponad 37 000 samochod\u00f3w dostawczych, kt\u00f3re s\u0105 cz\u0119\u015bci\u0105 naszej sieci, daje nam mo\u017cliwo\u015b\u0107 zaoferowania naszym klientom najlepszych cen bez uszczerbku dla jako\u015bci. Aby to wszystko wspiera\u0107, mamy zesp\u00f3\u0142 ekspert\u00f3w, kt\u00f3rzy naprawd\u0119 robi\u0105 to, co kochaj\u0105 i s\u0105 odpowiednio wynagradzani, aby mogli wyj\u015b\u0107 poza oczywiste.", "\"In business and relationships, my rule is to act with others the way we would like others to act with me, because that way we will always be fair\u201d": "\"W biznesie i relacjach moj\u0105 zasad\u0105 jest dzia\u0142anie z innymi tak, jak chcieliby\u015bmy, aby inni post\u0119powali ze mn\u0105, poniewa\u017c w ten spos\u00f3b zawsze b\u0119dziemy sprawiedliwi\"", "Vans across Europe": "REPREZENTUJ\u0104CYCH R\u00d3\u017bNORODNE TYPY ROLNICTWA W EUROPIE.", "Logistics experts": "Eksperci ds. logistyki", "Years of experience": "Lata do\u015bwiadczenia", "Happy clients": "Nasi zadowoleni Klienci", "I am already member": "Jestem ju\u017c cz\u0142onkiem.", "Account Details": "Szczeg\u00f3\u0142y konta", "So we know where to contact you": "Dzi\u0119ki temu wiemy, gdzie si\u0119 z Tob\u0105 skontaktowa\u0107", "I agree to join EasyMoveEurope\u2019s mailing list": "Wyra\u017cam zgod\u0119 na do\u0142\u0105czenie do listy mailingowej EasyMoveEurope", "Company details": "Informacje o firmie", "Enables long-term benefits & VAT deduction": "Umo\u017cliwia d\u0142ugoterminowe korzy\u015bci", "Please input company name": "Wprowad\u017a nazw\u0119 firmy", "Please input contact name": "Wprowad\u017a imi\u0119 i nazwisko osoby kontaktowej", "Please input company country": "Prosz\u0119 poda\u0107 kraj firmy", "Vat ID not in valid format": "Identyfikator VAT nie ma prawid\u0142owego formatu", "Tell us more about your company": "Opowiedz nam wi\u0119cej o swojej firmie", "We will use this information to tailor your service experience": "Wykorzystamy te informacje, aby dostosowa\u0107 jako\u015b\u0107 us\u0142ug u\u017cytkownika", "&lt; 5": "NO QUERY SPECIFIED. EXAMPLE REQUEST: GET?Q=HELLO&LANGPAIR=EN|IT", "5-20": "5-20", "25+": "25", "Domestic": "Instytucje krajowe", "International": "Mi\u0119dzynarodowe", "Get\u2019s started": "Pierwsze kroki", "Please Register to continue with us": "Zarejestruj si\u0119, aby kontynuowa\u0107 z nami", "Already have an account?": "Posiadasz ju\u017c konto?", "Login": "Logowanie", "Create an account": "Za\u0142\u00f3\u017c konto", "Log In": "Zaluguj si\u0119", "Don 't have an account?": "Nie masz konta?", "Register": "Zarejestruj si\u0119", "Or login with": "Lub zaloguj si\u0119 przez", "Forgot Password?": "Nie pami\u0119tasz has\u0142a?", "You can reset your password here.": "Mo\u017cesz zresetowa\u0107 swoje has\u0142o tutaj.", "Sign up": "Zarejestruj si\u0119", "Terms of service": "Warunki korzystania z us\u0142ugi", "Upcoming Booking": "NADCHODZ\u0104CE REZERWACJE", "Previous Bookings": "Poprzednie rezerwacje", "date": "data", "Slot time": "Czas szczeliny", "9:30am - 11:30am": "od 09:30 do 11:30", "12:30pm - 2:30pm": "od 12:30 do 14:30", "Registration Number": "Numer rejestracyjny", "Price": "Cena", "Overview": "Przegl\u0105d", "Upcoming Service": "Nadchodz\u0105ca us\u0142uga", "Past Service": "Koszty przesz\u0142ego zatrudnienia", "Sr.No.": "Sr No.", "Pickup": "Odbi\u00f3r", "Destination": "Miejsce docelowe", "Date": "Data", "Value": "Wert", "collection_day": "collection_day", "Profile Details": "Szczeg\u00f3\u0142y profilu", "ID:": "Identyfikator:", "Company Name:": "Nazwa firmy:", "Phone:": "Telefon:", "Company Country:": "Company Country", "VAT-ID:": "VAT-ID:", "Close": "Zamkni\u0119cie", "Save changes": "Zapisz zmiany", "Company Name": "Nazwa firmy", "Email": "Adres e-mail", "Phone": "Telefon", "Company Country": "Company Country", "VAT-ID": "VAT-ID:", "Password": "Has\u0142o", "Password:": "Has\u0142o:", "New Password:": "Nowe has\u0142o:", "Confirm Password:": "Potwierd\u017a has\u0142o:", "Contact us": "Skontaktuj si\u0119 z nami", "Location:": "Miejsce:", "A108 Adam Street, New York, NY 535022": "A108 Adam Street, Nowy Jork, NY 535022", "Email:": "E-mail:", "Call:": "Zadzwo\u0144", "Loading": "Wczytywanie", "Your message has been sent. Thank you!": "Twoja wiadomo\u015b\u0107 zosta\u0142a wys\u0142ana. Dzi\u0119kujemy.", "Send Message": "Wy\u015blij wiadomo\u015b\u0107", "New Order": "Nowe zlecenie", "Dedicated Van Service": "Dedykowany serwis furgonetek", "For residential or commercial move,": "W przypadku przeprowadzek mieszkaniowych lub komercyjnych,", "Type to search": "Wpisz, aby wyszuka\u0107", "Austria": "Austria", "Belgium": "Belgia", "Bulgaria": "Bu\u0142garia", "Croatia": "Chorwacja", "Czech Republic": "Republika Czeska", "Denmark": "Dania", "Estonia": "Estonia", "Finland": "Finlandia", "France": "Francja", "Germany": "Niemcy", "Greece": "Grecja", "Hungary": "W\u0119gry", "Ireland": "Irlandia", "Italy": "W\u0142ochy", "Latvia": "\u0141otwa", "Lithuania": "Litwa", "Luxembourg": "Luksemburg", "Netherlands": "Holandia", "Norway": "Norwegia", "Poland": "Polska", "Portugal": "Portugalia", "Romania": "Rumunia", "Serbia": "Serbia", "Slovakia": "S\u0142owacja", "Slovenia": "S\u0142owenia", "Spain": "Hiszpania", "Sweden": "Szwecja", "Switzerland": "Szwajcaria", "United Kingdom": "Wielka Brytania", "Continue": "Dalej", "How it works": "Jak to dzia\u0142a", "Enter the addresses": "Wprowad\u017a adresy", "Get the price instantly": "Uzyskaj natychmiastow\u0105 cen\u0119", "Book the transport": "transport.", "Prepare your goods": "Przygotuj sw\u00f3j towar", "Collection": "Kolekcja", "Delivery": "Dostawa", "For your company or for a private move, the dedicated van service is the ideal solution.": "Dla Twojej firmy lub na prywatne przeprowadzki, dedykowany serwis furgonetek jest idealnym rozwi\u0105zaniem.", "Advantages:": "Zalety:", "Rodrigo Farias": "Rodrigo Farias", "Entrepreneu": "Przedsi\u0119biorca", "Ava Williams": "Ava Williams", "Client from UK": "Klient z Wielkiej Brytanii", "Frequently Asked Questions": "Najcz\u0119\u015bciej zadawane pytania", "Hazardous goods:": "niebezpiecznych.", "Illegal goods:": "Nielegalne towary:", "Livestock:": "Zwierz\u0119ta gospodarskie", "Money:": "Pieni\u0105dze:", "Securities:": "Zabezpieczenia:", "Contact details": "Dane kontaktowe", "Van Type": "Typ furgonetki", "Add-ons": "Dodatki", "Content": "Spis tre\u015bci", "EasyMoveEurope": "EasyMoveEurope", "Dashboard": "Pulpit", "My Profile": "M\u00f3j profil", "Useful Links": "Przydatne linki", "Home": "Strona g\u0142\u00f3wna", "About us": "O nas", "Terms and Conditions": "Warunki i zasady", "Contact Us": "Kontakt", "Contact": "Kontakt", "Open Account": "Otwarte Konto", "English": "Angielski", "Deutsch": "Deutsch", "Italiano": "Italiano", "Fran\u00e7ais": "Fran\u00e7ais", "Espa\u00f1ol": "Espa\u00f1ol", "Polish": "Polski", "Romanian": "rumu\u0144ski", "No": "Nie", "Pickup Date": "Data odbioru", "Order Number": "Numer zam\u00f3wienia", "To pay": "Do zap\u0142aty", "Status": "Status", "From": "\u00a0", "To": "Do", "Credit / Debit Card": "Karta Kredytowa / Debetowa", "Proceed Payment With Debit / Card.": "Kontynuuj p\u0142atno\u015b\u0107 kart\u0105 debetow\u0105 / debetow\u0105.", "Bank Transfer": "Przelew bankowy", "Proceed Payment With Bank Transfer.": "Kontynuuj p\u0142atno\u015b\u0107 przelewem bankowym.", "Payment Details": "Szczeg\u00f3\u0142y p\u0142atno\u015bci", "Name on Card": "Imi\u0119 i nazwisko na karcie", "Card Number": "Numer karty", "CVC": "CVC", "Expiration Month": "Miesi\u0105c wa\u017cno\u015bci", "Expiration Year": "Rok wa\u017cno\u015bci", "Fix the errors before you begin.": "Napraw b\u0142\u0119dy, zanim zaczniesz.", "Order Information": "Informacje o zleceniu", "Get a price": "Cena", "Who orders?": "Kto zamawia?", "Company": "Firma", "Private Person": "Osoba prywatna", "Pickup Address": "Adres odbioru", "COUNTRY": "KRAJ", "Please select the country": "Wybierz kraj", "FIND THE ADDRESS": "ZNAJD\u0179 ADRES", "SENDER": "NADAJNIK", "PHONE NUMBER": "NUMER TELEFONU", "Add another collection address": "Dodaj kolejny adres odbioru", "Delivery Address": "Adres dostawy", "Start typing your address": "Zacznij wpisywa\u0107 sw\u00f3j adres", "RECEIVER": "Odbiorca", "Add another delivery address": "Dodaj inny adres dostawy", "Select Van Type": "Wybierz typ furgonetki", "Curtain sider": "Kurtyna boczna", "Weight: 1000 kg": "Waga: 1000 kg", "Capacity: 19 Cubic": "Pojemno\u015b\u0107: 19 Cubic", "Box": "Box", "Capacity: 13 Cubic": "Pojemno\u015b\u0107: 13 Cubic", "Extra Services:": "Dodatkowe us\u0142ugi:", "Driver help - Loading": "Pomoc kierowcy - \u0142adowanie", "Driver help - Unloading": "Pomoc kierowcy - roz\u0142adunek", "Tail Lift": "Tylna burta za\u0142adowcza", "Cargo information": "Informacje na temat \u0142adunku,", "CARGO": "CARGO", "VALUE": "WARTO\u015a\u0106", "Please enter the cargo value": "Podaj warto\u015b\u0107", "Pickup options": "Opcje odbioru", "When do you want the pickup to take place?": "Kiedy ma nast\u0105pi\u0107 odbi\u00f3r?", "PICK-UP DATE": "Data odbioru", "Please enter the pickup date": "Prosz\u0119 poda\u0107 dat\u0119 oraz czas odbioru", "NAME & SURNAME": "NAME", "EMAIL ADDRESS": "Email", "SPECIAL NOTES - OPTIONAL": "UWAGI SPECJALNE - OPCJONALNIE", "Distance:": "Odleg\u0142o\u015b\u0107:", "Duration:": "Czas trwania:", "or": "lub", "Curtain side": "Strona kurtyny", "Box van": "Typu furgonu", "Curtain side is best for:": "Strona kurtyny jest najlepsza dla:", "Pallet shipment / custom loads": "Wysy\u0142ka palet/\u0142adunki niestandardowe", "Rear loading / side loading": "Obci\u0105\u017cenie tylne/ boczne", "Curtain-Side van + Tail Lift:": "Podno\u015bnik ogonowy furgonetki po stronie kurtyny:", "Box van is best for:": "Box van jest najlepszy dla:", "Rear loading": "Obci\u0105\u017cenie tylne", "Type": "Type", "Curtain Sider is best for:": "Curtain Sider jest najlepszy dla:", "VAT Exemption": "zwolnienie z podatku VAT,", "Privacy and Condition": "Prywatno\u015b\u0107 i stan", "General terms": "Zasady og\u00f3lne", "Cancellation and Refund": "Anulowanie i zwrot", "Help to Load/Unload": "Pomoc w za\u0142adunku/roz\u0142adunku", "About Insurance": "O ubezpieczeniu", "Types of vans and measurements": "Rodzaje furgonetek i pomiary", "Data protection": "Ochrona danych", "Name:": "Imi\u0119 i nazwisko lub nazwa:", "Full Name": "Imi\u0119 i nazwisko", "For your Company or a Private Move - have a vehicle dedicated to you.": "Dla Twojej firmy lub prywatnej przeprowadzki - miej pojazd dedykowany dla Ciebie.", "You can move anything in Europe with a van dedicated only for your cargo. For your company or for a private move, the dedicated van service is the ideal solution.": "W Europie mo\u017cesz przewozi\u0107 wszystko za pomoc\u0105 furgonetki przeznaczonej tylko dla Twojego \u0142adunku. Dla Twojej firmy lub na prywatne przeprowadzki, dedykowany serwis furgonetek jest idealnym rozwi\u0105zaniem.", "We have access to more than 37,000 vans spread across Europe, so we can collect your cargo any day and any time that you choose and deliver it in the time you need.": "Mamy dost\u0119p do ponad 37 000 samochod\u00f3w dostawczych w ca\u0142ej Europie, dzi\u0119ki czemu mo\u017cemy odebra\u0107 Tw\u00f3j \u0142adunek ka\u017cdego dnia i o ka\u017cdej porze, kt\u00f3r\u0105 wybierzesz, i dostarczy\u0107 go w czasie, kt\u00f3rego potrzebujesz.", "Customized pick-up and delivery time": "Dostosowany czas odbioru i dostawy", "Collection and deliveries on weekends, day and night": "Odbi\u00f3r i dostawa w weekendy, w dzie\u0144 i w nocy", "No special packaging is required": "Nie jest wymagane specjalne opakowanie", "Ideal for transporting fragile items": "Idealny do transportu delikatnych przedmiot\u00f3w", "Get started for free!": "Rozpocznij za darmo", "What will you be using EasyMoveEurope for?": "Do czego b\u0119dziesz u\u017cywa\u0107 EasyMoveEurope?", "Work & Business": "Praca", "Long-term benefits & VAT deduction": "Korzy\u015bci d\u0142ugofalowe", "Personal needs": "Potrzeby Osobiste", "You will be shipping as an individual": "B\u0119dziesz wysy\u0142a\u0142 jako osoba fizyczna", "With the dedicated van delivery, you do not need to package your shipment in any specific way. The shipper is able to accommodate the goods in the van however they like, packed or not. However, note that in the movement of the van on the highway one item can crash into the other causing damage and no one wants that to happen, so we still recommend protecting your goods for transport to avoid damage.": "Dzi\u0119ki dedykowanej dostawie furgonetki nie musisz pakowa\u0107 przesy\u0142ki w \u017caden konkretny spos\u00f3b. Nadawca jest w stanie pomie\u015bci\u0107 towary w furgonetce, jak chc\u0105, zapakowane lub nie. Nale\u017cy jednak pami\u0119ta\u0107, \u017ce w ruchu furgonetki na autostradzie jeden przedmiot mo\u017ce uderzy\u0107 w drugi, powoduj\u0105c uszkodzenia i nikt nie chce, aby tak si\u0119 sta\u0142o, dlatego nadal zalecamy ochron\u0119 towar\u00f3w przed transportem, aby unikn\u0105\u0107 uszkodze\u0144.", "For transport within the EU, no special documentation is usually required, but when the country of origin or destination is not part of the European Union, the customer always needs to prepare the documentation in advance. Each country has different rules, so you can consult us and we will guide you through this process.\n In some cases you will be able to prepare the necessary documentation only with our help, but most of the time it is a broker that will carry out this work.": "W przypadku transportu na terenie UE zwykle nie jest wymagana specjalna dokumentacja, ale gdy kraj pochodzenia lub przeznaczenia nie jest cz\u0119\u015bci\u0105 Unii Europejskiej, klient zawsze musi przygotowa\u0107 dokumentacj\u0119 z wyprzedzeniem. Ka\u017cdy kraj ma inne zasady, wi\u0119c mo\u017cesz si\u0119 z nami skonsultowa\u0107, a my przeprowadzimy Ci\u0119 przez ten proces.\n W niekt\u00f3rych przypadkach b\u0119dziesz w stanie przygotowa\u0107 niezb\u0119dn\u0105 dokumentacj\u0119 tylko z nasz\u0105 pomoc\u0105, ale przez wi\u0119kszo\u015b\u0107 czasu b\u0119dzie to broker, kt\u00f3ry wykona t\u0119 prac\u0119.", "How to pack the goods for shipping?": "Jak spakowa\u0107 towar do wysy\u0142ki?", "For transport within the EU, no special documentation is usually required, but when the country of origin or destination is not part of the European Union, the customer always needs to prepare the documentation in advance. Each country has different rules, so you can consult us and we will guide you through this process.\n  In some cases you will be able to prepare the necessary documentation only with our help, but most of the time it is a broker that will carry out this work.": "W przypadku transportu na terenie UE zwykle nie jest wymagana specjalna dokumentacja, ale gdy kraj pochodzenia lub przeznaczenia nie jest cz\u0119\u015bci\u0105 Unii Europejskiej, klient zawsze musi przygotowa\u0107 dokumentacj\u0119 z wyprzedzeniem. Ka\u017cdy kraj ma inne zasady, wi\u0119c mo\u017cesz si\u0119 z nami skonsultowa\u0107, a my przeprowadzimy Ci\u0119 przez ten proces.\n  W niekt\u00f3rych przypadkach b\u0119dziesz w stanie przygotowa\u0107 niezb\u0119dn\u0105 dokumentacj\u0119 tylko z nasz\u0105 pomoc\u0105, ale przez wi\u0119kszo\u015b\u0107 czasu b\u0119dzie to broker, kt\u00f3ry wykona t\u0119 prac\u0119.", "About custom procedures, when should I be concerned and who should take care of it for me?": "O procedury celne, kiedy powinienem si\u0119 martwi\u0107 i kto powinien si\u0119 tym zaj\u0105\u0107 za mnie?", "Bonds, stocks, negotiable documents and all types of securities.": "Obligacje, akcje, zbywalne dokumenty i wszelkiego rodzaju papiery warto\u015bciowe.", "Currencies, banknotes and coins.": "Waluty, banknoty i monety.", "Live stock animals, horses, pets, mice, worms, insects.": "\u017bywe zwierz\u0119ta gospodarskie, konie, zwierz\u0119ta domowe, myszy, robaki, owady.", "Drugs, endangered species, other products illegal under EU laws.": "Narkotyki, zagro\u017cone gatunki, inne produkty nielegalne na mocy prawa UE.", "e.g. firearms, explosives, ammunition, hazardous materials, radioactives.": "np. bro\u0144 palna, materia\u0142y wybuchowe, amunicja, materia\u0142y niebezpieczne, materia\u0142y radioaktywne.", "What can\u2019t be shipped?": "Czego nie mo\u017cna wys\u0142a\u0107?", "When you hire the help service, you need to consider that the driver will help to load/unload from the first floor level to the van and vice versa. For cases where loading/unloading is in apartments that do not have an elevator, you need to let us know in advance, as not all drivers are physically able to go up and down stairs.": "Wynajmuj\u0105c us\u0142ug\u0119 pomocy, nale\u017cy wzi\u0105\u0107 pod uwag\u0119, \u017ce kierowca pomo\u017ce za\u0142adowa\u0107/roz\u0142adowa\u0107 z poziomu pierwszego pi\u0119tra do furgonetki i odwrotnie. W przypadkach, gdy za\u0142adunek/roz\u0142adunek odbywa si\u0119 w mieszkaniach, kt\u00f3re nie maj\u0105 windy, musisz nas o tym poinformowa\u0107 z wyprzedzeniem, poniewa\u017c nie wszyscy kierowcy s\u0105 fizycznie w stanie chodzi\u0107 po schodach.", "How does the help service work?": "Jak to dzia\u0142a?", "No, please note that the driver's main focus is driving and he will help load and/or unload the cargo if this is contracted to at the time you hire the transport.\n Please note that not all drivers are physically able to help, so you need to let us know in advance so that the ideal driver is chosen.": "Nie, nale\u017cy pami\u0119ta\u0107, \u017ce kierowca koncentruje si\u0119 g\u0142\u00f3wnie na prowadzeniu pojazdu i pomo\u017ce za\u0142adowa\u0107 i/lub roz\u0142adowa\u0107 \u0142adunek, je\u015bli zostanie on zakontraktowany w momencie wynajmu transportu.\n Nale\u017cy pami\u0119ta\u0107, \u017ce nie wszyscy kierowcy s\u0105 fizycznie w stanie pom\u00f3c, wi\u0119c musisz poinformowa\u0107 nas o tym z wyprzedzeniem, aby wybra\u0107 idealnego kierowc\u0119.", "Will the driver always help to load/unload the load?": "Czy kierowca zawsze pomo\u017ce za\u0142adowa\u0107/roz\u0142adowa\u0107 \u0142adunek?", "Do you have only these two types of vans and measurements?": "Czy masz tylko te dwa rodzaje furgonetek i pomiar\u00f3w?", "Yes, every shipment with our dedicated van delivery is covered by CMR conventions and extended liability is also available (for commercial shipments). The value is currently around 10 euros per kilo and apply to occurrence of theft, damaged goods, gross negligence in international and domestic transport.": "Tak, ka\u017cda przesy\u0142ka z nasz\u0105 dedykowan\u0105 dostaw\u0105 furgonetk\u0105 jest obj\u0119ta konwencjami CMR, a rozszerzona odpowiedzialno\u015b\u0107 jest r\u00f3wnie\u017c dost\u0119pna (dla przesy\u0142ek komercyjnych). Warto\u015b\u0107 wynosi obecnie oko\u0142o 10 euro za kilogram i dotyczy wyst\u0105pienia kradzie\u017cy, uszkodzenia towaru, ra\u017c\u0105cego zaniedbania w transporcie mi\u0119dzynarodowym i krajowym.", "Is there any insurance included when I hire the van service?": "Czy ubezpieczenie jest wliczone w cen\u0119 wynajmu furgonetki?", "You can move anything in Europe with a van dedicated only for your cargo. For your company\n  or\n for a private move, the dedicated van service is the ideal solution.\n <br/>\n We have access to more than 37,000 vans spread across Europe, so we can collect your cargo\n any\n day and any time that you choose and deliver it in the time you need.": "W Europie mo\u017cesz przewozi\u0107 wszystko za pomoc\u0105 furgonetki przeznaczonej tylko dla Twojego \u0142adunku. Dla Twojej firmy\n  lub\n na prywatne przeprowadzki, dedykowany serwis furgonetek jest idealnym rozwi\u0105zaniem.\n <br/>\n Mamy dost\u0119p do ponad 37 000 samochod\u00f3w dostawczych w ca\u0142ej Europie, dzi\u0119ki czemu mo\u017cemy odebra\u0107 Tw\u00f3j \u0142adunek\n ka\u017cdego\n dnia i o ka\u017cdej porze, kt\u00f3r\u0105 wybierzesz, i dostarczy\u0107 go w czasie, kt\u00f3rego potrzebujesz.", "Customized pick-up and delivery time- Collection and deliveries on weekends, day and night -Same day collection available for urgent transport": "Indywidualny czas odbioru i dostawy - Odbi\u00f3r i dostawy w weekendy, dzie\u0144 i noc - Odbi\u00f3r w tym samym dniu dost\u0119pny do pilnego transportu", "Transport of heavy and bulky items -No special\n packaging is required -Ideal for transporting fragile items": "Transport ci\u0119\u017ckich i niepor\u0119cznych przedmiot\u00f3w - bez specjalnych\n wymagane jest opakowanie - idealne do transportu delikatnych przedmiot\u00f3w", "James Kaljes (Founder and CO of Easy move Europe)": "James Kaljes (za\u0142o\u017cyciel i dyrektor generalny Easy Move Europe)", "\u201cWith our friends of Easy move, we can put our cargo in their hands and focus on our\n business, as they are reliable and extremely professional.\n  <br/>\n With them, we don't have dissatisfied customers calling us asking where the cargo is\n or complaining about delays.\u201d": "Dzi\u0119ki naszym przyjacio\u0142om z Easy Move mo\u017cemy odda\u0107 nasz \u0142adunek w ich r\u0119ce i skupi\u0107 si\u0119 na naszej\n dzia\u0142alno\u015bci, poniewa\u017c s\u0105 niezawodni i niezwykle profesjonalni.\n  <br/>\n Dzi\u0119ki nim nie mamy niezadowolonych klient\u00f3w dzwoni\u0105cych do nas z pytaniem, gdzie jest \u0142adunek\n lub narzekaj\u0105cych na op\u00f3\u017anienia.", "\u201cWe have already used Easy Move Europe's services 2 times for relocation and each\n time they have been extremely efficient\n <br/>\n And always go above and beyond expectations. I have already recommended it to\n several friends and they are all satisfied.\u201c": "- Ju\u017c 2 razy korzystali\u015bmy z us\u0142ug Easy Move Europe do relokacji i za ka\u017cdym\n razem by\u0142y one niezwykle wydajne\n                                    <br/>\n                                    i zawsze wykracza\u0142y poza oczekiwania. Poleci\u0142em go ju\u017c kilku przyjacio\u0142om\n i wszyscy s\u0105 zadowoleni.\u201d", "rent a dedicated van with driver": "Prywatny van z kierowc\u0105", "From (Pickup Country)": "Od(Kraj odbioru)", "To (Delivery Country)": "Do (kraj dostawy)", "Copyright": "Prawa autorskie", "All Rights Reserved": "Wszystkie prawa zastrze\u017cone", "My account": "Moje konto", "No, we have other types, models and sizes of vans. The size you see in the description is an average, sizes may vary. We will always try to maintain the capacity contracted by you (13 and 19 cubic meters), so it is important that you provide us with as much information as possible about your cargo so that we can send you the appropriate van. To transport dangerous items we also have the ADR van and to transport perishable items that need controlled temperature, we have the refrigerated vans, which can be hired separately, just contact us via email or phone and we will provide you with a quote.": "Nie, mamy inne typy, modele i rozmiary samochod\u00f3w dostawczych. Rozmiar widoczny w opisie jest \u015bredni, rozmiary mog\u0105 si\u0119 r\u00f3\u017cni\u0107. Zawsze b\u0119dziemy starali si\u0119 utrzyma\u0107 zakontraktowan\u0105 przez Ciebie pojemno\u015b\u0107 (13 i 19 metr\u00f3w sze\u015bciennych), dlatego wa\u017cne jest, aby\u015b przekaza\u0142 nam jak najwi\u0119cej informacji o swoim \u0142adunku, aby\u015bmy mogli wys\u0142a\u0107 Ci odpowiedni samoch\u00f3d dostawczy. Do przewozu przedmiot\u00f3w niebezpiecznych dysponujemy r\u00f3wnie\u017c furgonetk\u0105 ADR d Aby przewie\u017a\u0107 \u0142atwo psuj\u0105ce si\u0119 przedmioty, kt\u00f3re wymagaj\u0105 kontrolowanej temperatury, dysponujemy samochodami ch\u0142odniczymi, kt\u00f3re mo\u017cna wynaj\u0105\u0107 osobno, wystarczy skontaktowa\u0107 si\u0119 z nami przez e-mail lub telefon, a my przedstawimy Ci wycen\u0119.", "Day of collection": "Dzie\u0144 odbioru"}