{"About US": "Sobre n\u00f3s", "About Us": "Quem somos", "Easy Move Europe is a online digital platform that connects companies and private persons to a huge van network, simplifying and making relocation of personal and business assets affordable.": "A Easy Move Europe \u00e9 uma plataforma digital em linha que liga empresas e particulares a uma enorme rede de carrinhas, simplificando e tornando a deslocaliza\u00e7\u00e3o de ativos pessoais e empresariais acess\u00edvel.", "It all came about when the company founder entered the US domestic moving business. After working 4 years in the sector, he moved to Romania, where he rejoined another transport company and acquired even more expertise in this business. After a few more years and being frustrated by the way companies failed to provide a high quality service and seeing a great opportunity there, he decided to let his entrepreneurial side speak louder and start his own business. There, Easy move Europe was born.": "Tudo surgiu quando o fundador da empresa entrou no neg\u00f3cio de mudan\u00e7as dom\u00e9sticas dos EUA. Depois de trabalhar 4 anos no setor, mudou-se para a Rom\u00e9nia, onde voltou a integrar outra empresa de transportes e adquiriu ainda mais experi\u00eancia neste neg\u00f3cio. Depois de mais alguns anos e frustrado com a forma como as empresas n\u00e3o conseguiram fornecer um servi\u00e7o de alta qualidade e vendo uma grande oportunidade l\u00e1, ele decidiu deixar seu lado empreendedor falar mais alto e come\u00e7ar seu pr\u00f3prio neg\u00f3cio. L\u00e1, a Easy move Europe nasceu.", "We are currently able to meet any existing demand and the more than 37,000 vans that are part of our network give us the ability to offer our customers the best prices without compromising on quality. To support all of this we have a team of experts who really do what they love and are adequately compensated so they can go beyond the obvious.": "Atualmente, somos capazes de atender a qualquer demanda existente e as mais de 37.000 vans que fazem parte de nossa rede nos d\u00e3o a capacidade de oferecer aos nossos clientes os melhores pre\u00e7os sem comprometer a qualidade. Para apoiar tudo isso, temos uma equipe de especialistas que realmente fazem o que amam e s\u00e3o adequadamente compensados para que possam ir al\u00e9m do \u00f3bvio.", "\"In business and relationships, my rule is to act with others the way we would like others to act with me, because that way we will always be fair\u201d": "\"Nos neg\u00f3cios e relacionamentos, minha regra \u00e9 agir com os outros da maneira que gostar\u00edamos que os outros agissem comigo, porque assim sempre seremos justos\"", "Vans across Europe": "Vans em toda a Europa", "Logistics experts": "Especialistas em log\u00edstica", "Years of experience": "Anos de experi\u00eancia", "Happy clients": "Clientes felizes", "I am already member": "J\u00e1 sou membro.", "So we know where to contact you": "Assim, sabemos onde entrar em contato com voc\u00ea", "I agree to join EasyMoveEurope\u2019s mailing list": "Concordo em juntar-me \u00e0 lista de discuss\u00e3o da EasyMoveEurope", "Company details": "Detalhes da empresa", "Enables long-term benefits & VAT deduction": "Permite benef\u00edcios a longo prazo", "Please input company name": "Introduza o nome da empresa", "Please input contact name": "Insira o nome do contato", "Please input company country": "Por favor, insira o pa\u00eds da empresa", "Vat ID not in valid format": "ID de IVA n\u00e3o em formato v\u00e1lido", "Tell us more about your company": "Conte-nos mais sobre a sua empresa", "We will use this information to tailor your service experience": "Usaremos essas informa\u00e7\u00f5es para personalizar sua experi\u00eancia de servi\u00e7o", "&lt; 5": "NO QUERY SPECIFIED. EXAMPLE REQUEST: GET?Q=HELLO&LANGPAIR=EN|IT", "5-20": "5-20", "25+": "25", "Domestic": "Dom\u00e9stico", "International": "Internacional", "Get\u2019s started": "Comece a usar", "Please Register to continue with us": "Por favor, registre-se para continuar conosco", "Already have an account?": "J\u00e1 tem uma conta?", "Login": "Iniciar sess\u00e3o", "Create an account": "Criar uma conta", "Log In": "Log In", "Don 't have an account?": "Ainda n\u00e3o tem uma conta?", "Register": "Registo", "Or login with": "ou entrar com:", "Forgot Password?": "Esqueceu-se da palavra-passe?", "You can reset your password here.": "Pode redefinir a sua palavra-passe a partir deste ecr\u00e3.", "Sign up": "Registar-se", "Terms of service": "Termos de servi\u00e7o", "Upcoming Booking": "Pr\u00f3xima Reserva", "Previous Bookings": "Reservas anteriores", "date": "data", "Slot time": "Tempo de slot", "9:30am - 11:30am": "9h30 - 11h30", "12:30pm - 2:30pm": "12:30 - 14:30", "Registration Number": "Matr\u00edcula", "Price": "Pre\u00e7o", "Overview": "S\u00edntese", "Upcoming Service": "Pr\u00f3ximo Servi\u00e7o", "Past Service": "Custo dos Servi\u00e7os Passados", "Sr.No.": "N\u00b0 de S\u00e9rie", "Pickup": "Retirar", "Destination": "Destino", "Date": "Data", "Value": "Valor", "collection_day": "collection_day", "Account Details": "Detalhes Da Conta", "English": "English", "Deutsch": "Deutsch", "Italiano": "Italiano", "Fran\u00e7ais": "Franc\u00eas", "Espa\u00f1ol": "Espa\u00f1ol", "Polish": "Polaco", "Romanian": "Romanian", "No": "N\u00e3o", "Pickup Date": "Data de Recolha", "Order Number": "N\u00famero de encomenda", "To pay": "Pagar", "Status": "Estado", "From": "De", "To": "PARA", "Credit / Debit Card": "Cart\u00e3o de D\u00e9bito / Cr\u00e9dito", "Proceed Payment With Debit / Card.": "Prossiga com o pagamento com d\u00e9bito / cart\u00e3o.", "Bank Transfer": "Transfer\u00eancia banc\u00e1ria", "Proceed Payment With Bank Transfer.": "Prossiga com o pagamento com transfer\u00eancia banc\u00e1ria.", "Payment Details": "Detalhes de pagamento", "Name on Card": "Nome no cart\u00e3o", "Card Number": "N\u00famero do cart\u00e3o", "CVC": "CVC", "Expiration Month": "M\u00eas de vencimento", "Expiration Year": "Ano de vencimento", "Fix the errors before you begin.": "Corrija os erros antes de come\u00e7ar.", "Order Information": "Informa\u00e7\u00f5es da Compra", "Get a price": "Obter um pre\u00e7o", "Who orders?": "Quem ordena?", "Company": "Empresa", "Private Person": "Privado", "Pickup Address": "Endere\u00e7o de recolha", "COUNTRY": "PA\u00cdS", "Please select the country": "Por favor, selecione o pa\u00eds", "FIND THE ADDRESS": "ENCONTRAR O ENDERE\u00c7O", "SENDER": "EMISSOR", "PHONE NUMBER": "N\u00daMERO DE TELEFONE", "Add another collection address": "Adicionar outro endere\u00e7o de cobran\u00e7a", "Delivery Address": "Endere\u00e7o de Entrega", "Start typing your address": "Comece a digitar seu endere\u00e7o ...", "RECEIVER": "RECEPTOR", "Add another delivery address": "Adicionar outro endere\u00e7o de entrega", "Select Van Type": "Seleccionar tipo de carrinha", "Curtain sider": "Cortina lateral", "Weight: 1000 kg": "Peso: 1000 kg", "Capacity: 19 Cubic": "Capacidade: 19 c\u00fabicos", "Box": "Quadro:", "Capacity: 13 Cubic": "Capacidade: 13 c\u00fabicos", "Extra Services:": "Servi\u00e7os Extras:", "Driver help - Loading": "Ajuda do motorista - Carregamento", "Driver help - Unloading": "Ajuda do motorista - Descarregamento", "Tail Lift": "plataforma elevat\u00f3ria", "Cargo information": "Elementos relativos \u00e0 carga", "CARGO": "CARGA", "VALUE": "VALOR", "Please enter the cargo value": "Por favor, informe o valor", "Pickup options": "Op\u00e7\u00f5es de recolha", "When do you want the pickup to take place?": "Quando pretende que a recolha seja efetuada?", "PICK-UP DATE": "Data de Recolha", "Please enter the pickup date": "Digite a data de retirada", "NAME & SURNAME": "NOME", "EMAIL ADDRESS": "ENDERE\u00c7O DE EMAIL", "SPECIAL NOTES - OPTIONAL": "NOTAS ESPECIAIS - OPTATIVAS", "Distance:": "Dist\u00e2ncia:", "Duration:": "Dura\u00e7\u00e3o:", "or": "ou", "Curtain side": "Lado da cortina", "Box van": "Box van", "Curtain side is best for:": "O lado da cortina \u00e9 melhor para:", "Pallet shipment / custom loads": "Remessa de paletes/cargas personalizadas", "Rear loading / side loading": "Carga traseira/carga lateral", "Curtain-Side van + Tail Lift:": "Elevador de cauda da van   do lado da cortina:", "Box van is best for:": "Box van \u00e9 melhor para:", "Rear loading": "carga traseira", "Type": "Tipo", "Curtain Sider is best for:": "Curtain Sider \u00e9 melhor para:", "VAT Exemption": "isen\u00e7\u00e3o de IVA", "Privacy and Condition": "Privacidade e Condi\u00e7\u00e3o", "General terms": "Termos gerais", "Cancellation and Refund": "Cancelamento e Reembolso", "Help to Load/Unload": "Ajuda para Carregar/Descarregar", "About Insurance": "Ser\u00e1 que tem seguro?", "Types of vans and measurements": "Tipos de vans e medi\u00e7\u00f5es", "Data protection": "Prote\u00e7\u00e3o de dados", "Name:": "Nome:", "Full Name": "Nome completo", "For your Company or a Private Move - have a vehicle dedicated to you.": "Para a sua empresa ou uma mudan\u00e7a privada - tenha um ve\u00edculo dedicado a voc\u00ea.", "You can move anything in Europe with a van dedicated only for your cargo. For your company or for a private move, the dedicated van service is the ideal solution.": "Pode transportar qualquer coisa na Europa com uma carrinha dedicada apenas \u00e0 sua carga. Para a sua empresa ou para uma mudan\u00e7a privada, o servi\u00e7o de van dedicado \u00e9 a solu\u00e7\u00e3o ideal.", "We have access to more than 37,000 vans spread across Europe, so we can collect your cargo any day and any time that you choose and deliver it in the time you need.": "Temos acesso a mais de 37.000 carrinhas espalhadas por toda a Europa, para que possamos recolher a sua carga a qualquer dia e a qualquer hora que escolher e entreg\u00e1-la no tempo que precisar.", "Customized pick-up and delivery time": "Tempo personalizado de recolha e entrega", "Collection and deliveries on weekends, day and night": "Recolha e entregas aos fins-de-semana, dia e noite", "No special packaging is required": "Nenhuma embalagem especial \u00e9 necess\u00e1ria", "Ideal for transporting fragile items": "Ideal para transportar itens fr\u00e1geis", "Get started for free!": "Comece agora gr\u00e1tis", "What will you be using EasyMoveEurope for?": "Para que vai utilizar o EasyMoveEurope?", "Work & Business": "Trabalho", "Long-term benefits & VAT deduction": "Benef\u00edcios a longo prazo:", "Personal needs": "NECESSIDADES PESSOAIS :", "You will be shipping as an individual": "Voc\u00ea ser\u00e1 enviado como um indiv\u00edduo", "Profile Details": "Insira um t\u00edtulo de bloco de detalhes do perfil", "ID:": "ID:", "Company Name:": "Nome da empresa:", "Phone:": "Telefone:", "Company Country:": "Empresa Pa\u00eds", "VAT-ID:": "VAT ID:", "Close": "Fechar", "Save changes": "Guardar altera\u00e7\u00f5es", "Company Name": "Nome da Empresa", "Email": "E-mail", "Phone": "Telefone", "VAT-ID": "N.\u00ba identifica\u00e7\u00e3o de IVA", "Password": "Palavra-Passe", "Password:": "Palavra-passe:", "New Password:": "Nova palavra-passe:", "Confirm Password:": "Confirmar Palavra-passe:", "Contact us": "Contacte-nos", "Location:": "Localiza\u00e7\u00e3o:", "A108 Adam Street, New York, NY 535022": "A108 Adam Street, Nova Iorque, NY 535022", "Email:": "Email:", "Call:": "Ligue:", "Loading": "A carregar", "Your message has been sent. Thank you!": "Sua mensagem foi enviada. Obrigado!", "Send Message": "Enviar mensagem", "New Order": "Novo pedido", "Dedicated Van Service": "Servi\u00e7o de Van Dedicado", "For residential or commercial move,": "Para mudan\u00e7a residencial ou comercial,", "Type to search": "Digite para pesquisar", "Austria": "\u00c1ustria", "Belgium": "B\u00e9lgica", "Bulgaria": "Bulg\u00e1ria", "Croatia": "Cro\u00e1cia", "Czech Republic": "Rep\u00fablica Checa", "Denmark": "Dinamarca", "Estonia": "Est\u00f3nia", "Finland": "Finl\u00e2ndia", "France": "Fran\u00e7a", "Germany": "Alemanha", "Greece": "Gr\u00e9cia", "Hungary": "Hungria", "Ireland": "Irlanda", "Italy": "It\u00e1lia", "Latvia": "Let\u00f3nia", "Lithuania": "Litu\u00e2nia", "Luxembourg": "Luxemburgo", "Netherlands": "Pa\u00edses Baixos", "Norway": "Noruega", "Poland": "Pol\u00f3nia", "Portugal": "Portugal", "Romania": "Rom\u00e9nia", "Serbia": "S\u00e9rvia", "Slovakia": "Eslov\u00e1quia", "Slovenia": "Eslov\u00e9nia", "Spain": "Espanha", "Sweden": "Su\u00e9cia", "Switzerland": "Su\u00ed\u00e7a", "United Kingdom": "Reino Unido", "Continue": "Continuar", "How it works": "Como funciona", "Enter the addresses": "Introduza os endere\u00e7os", "Get the price instantly": "Obtenha o pre\u00e7o instantaneamente", "Book the transport": "Reserve o transporte", "Prepare your goods": "Prepare os seus produtos", "Collection": "Colec\u00e7\u00e3o", "Delivery": "Entrega", "For your company or for a private move, the dedicated van service is the ideal solution.": "Para a sua empresa ou para uma mudan\u00e7a privada, o servi\u00e7o de van dedicado \u00e9 a solu\u00e7\u00e3o ideal.", "Advantages:": "Vantagens:", "Rodrigo Farias": "Rodrigo Farias", "Entrepreneu": "Empreendedor", "Ava Williams": "Ava Williams", "Client from UK": "Cliente do Reino Unido", "Frequently Asked Questions": "Perguntas Mais Frequentes", "Hazardous goods:": "Mercadorias perigosas", "Illegal goods:": "Bens ilegais:", "Livestock:": "Corte:", "Money:": "Dinheiro", "Securities:": "Valores Mobili\u00e1rios:", "Contact details": "Informa\u00e7\u00f5es de contacto", "Van Type": "Tipo de carrinha", "Add-ons": "M\u00f3dulos adicionais", "Content": "Conte\u00fado", "EasyMoveEurope": "EasyMoveEurope", "Dashboard": "Painel de controlo", "My Profile": "Meu perfil", "Useful Links": "Links \u00fateis", "Home": "In\u00edcio&#10;", "Terms and Conditions": "Termos e condi\u00e7\u00f5es", "Contact": "Contactos", "Open Account": "Abertura de Conta", "Company Country": "Empresa Pa\u00eds", "About us": "Sobre n\u00f3s", "Contact Us": "Contacte-nos", "With the dedicated van delivery, you do not need to package your shipment in any specific way. The shipper is able to accommodate the goods in the van however they like, packed or not. However, note that in the movement of the van on the highway one item can crash into the other causing damage and no one wants that to happen, so we still recommend protecting your goods for transport to avoid damage.": "Com a entrega dedicada \u00e0 carrinha, n\u00e3o precisa de embalar o seu envio de forma espec\u00edfica. O remetente \u00e9 capaz de acomodar as mercadorias na van como quiserem, embaladas ou n\u00e3o. No entanto, note que no movimento da van na estrada um item pode colidir com o outro causando danos e ningu\u00e9m quer que isso aconte\u00e7a, por isso ainda recomendamos proteger suas mercadorias para o transporte para evitar danos.", "For transport within the EU, no special documentation is usually required, but when the country of origin or destination is not part of the European Union, the customer always needs to prepare the documentation in advance. Each country has different rules, so you can consult us and we will guide you through this process.\n In some cases you will be able to prepare the necessary documentation only with our help, but most of the time it is a broker that will carry out this work.": "Para o transporte dentro da UE, geralmente n\u00e3o \u00e9 necess\u00e1ria documenta\u00e7\u00e3o especial, mas quando o pa\u00eds de origem ou destino n\u00e3o faz parte da Uni\u00e3o Europeia, o cliente sempre precisa preparar a documenta\u00e7\u00e3o com anteced\u00eancia. Cada pa\u00eds tem regras diferentes, ent\u00e3o voc\u00ea pode consultar-nos e vamos gui\u00e1-lo atrav\u00e9s deste processo.\n Em alguns casos, voce sera capaz de preparar a documentacao necessaria apenas com a nossa ajuda, mas na maioria das vezes e um corretor que ira realizar este trabalho.", "How to pack the goods for shipping?": "Como embalar os bens para o transporte?", "For transport within the EU, no special documentation is usually required, but when the country of origin or destination is not part of the European Union, the customer always needs to prepare the documentation in advance. Each country has different rules, so you can consult us and we will guide you through this process.\n  In some cases you will be able to prepare the necessary documentation only with our help, but most of the time it is a broker that will carry out this work.": "Para o transporte dentro da UE, geralmente n\u00e3o \u00e9 necess\u00e1ria documenta\u00e7\u00e3o especial, mas quando o pa\u00eds de origem ou destino n\u00e3o faz parte da Uni\u00e3o Europeia, o cliente sempre precisa preparar a documenta\u00e7\u00e3o com anteced\u00eancia. Cada pa\u00eds tem regras diferentes, ent\u00e3o voc\u00ea pode consultar-nos e vamos gui\u00e1-lo atrav\u00e9s deste processo.\n  Em alguns casos, voce sera capaz de preparar a documentacao necessaria apenas com a nossa ajuda, mas na maioria das vezes e um corretor que ira realizar este trabalho.", "About custom procedures, when should I be concerned and who should take care of it for me?": "Sobre procedimentos personalizados, quando devo me preocupar e quem deve cuidar disso para mim?", "Bonds, stocks, negotiable documents and all types of securities.": "T\u00edtulos, a\u00e7\u00f5es, documentos negoci\u00e1veis e todos os tipos de valores mobili\u00e1rios.", "Currencies, banknotes and coins.": "Moedas, notas e moedas.", "Live stock animals, horses, pets, mice, worms, insects.": "Animais vivos, cavalos, animais de estima\u00e7\u00e3o, ratos, vermes, insetos.", "Drugs, endangered species, other products illegal under EU laws.": "Drogas, esp\u00e9cies amea\u00e7adas, outros produtos ilegais ao abrigo da legisla\u00e7\u00e3o da UE.", "e.g. firearms, explosives, ammunition, hazardous materials, radioactives.": "por exemplo, armas de fogo, explosivos, muni\u00e7\u00f5es, materiais perigosos, radioativos.", "What can\u2019t be shipped?": "O que n\u00e3o pode ser enviado?", "When you hire the help service, you need to consider that the driver will help to load/unload from the first floor level to the van and vice versa. For cases where loading/unloading is in apartments that do not have an elevator, you need to let us know in advance, as not all drivers are physically able to go up and down stairs.": "Ao contratar o servi\u00e7o de ajuda, voc\u00ea precisa considerar que o motorista ajudar\u00e1 a carregar/descarregar do primeiro andar para a van e vice-versa. Para os casos em que a carga/descarga \u00e9 em apartamentos que n\u00e3o t\u00eam elevador, voc\u00ea precisa nos avisar com anteced\u00eancia, pois nem todos os motoristas s\u00e3o fisicamente capazes de subir e descer escadas.", "How does the help service work?": "Como funciona o servi\u00e7o de ajuda?", "No, please note that the driver's main focus is driving and he will help load and/or unload the cargo if this is contracted to at the time you hire the transport.\n Please note that not all drivers are physically able to help, so you need to let us know in advance so that the ideal driver is chosen.": "N\u00e3o, observe que o foco principal do motorista \u00e9 dirigir e ele ajudar\u00e1 a carregar e/ou descarregar a carga, se isso for contratado no momento em que voc\u00ea contratar o transporte.\n Por favor, note que nem todos os motoristas s\u00e3o fisicamente capazes de ajudar, por isso precisa de nos informar com anteced\u00eancia para que o motorista ideal seja escolhido.", "Will the driver always help to load/unload the load?": "O motorista sempre ajudar\u00e1 a carregar/descarregar a carga?", "Do you have only these two types of vans and measurements?": "Voc\u00ea tem apenas esses dois tipos de vans e medi\u00e7\u00f5es?", "Yes, every shipment with our dedicated van delivery is covered by CMR conventions and extended liability is also available (for commercial shipments). The value is currently around 10 euros per kilo and apply to occurrence of theft, damaged goods, gross negligence in international and domestic transport.": "Sim, todas as remessas com a nossa entrega de van dedicada s\u00e3o cobertas pelas conven\u00e7\u00f5es CMR e a responsabilidade estendida tamb\u00e9m est\u00e1 dispon\u00edvel (para remessas comerciais). O valor \u00e9 atualmente de cerca de 10 euros por quilo e aplica-se \u00e0 ocorr\u00eancia de roubo, mercadorias danificadas, neglig\u00eancia grave no transporte internacional e dom\u00e9stico.", "Is there any insurance included when I hire the van service?": "Existe algum seguro inclu\u00eddo quando eu contratar o servi\u00e7o de van?", "You can move anything in Europe with a van dedicated only for your cargo. For your company\n  or\n for a private move, the dedicated van service is the ideal solution.\n <br/>\n We have access to more than 37,000 vans spread across Europe, so we can collect your cargo\n any\n day and any time that you choose and deliver it in the time you need.": "Pode transportar qualquer coisa na Europa com uma carrinha dedicada apenas \u00e0 sua carga. Para a sua empresa\n  ou\n para uma mudan\u00e7a privada, o servi\u00e7o de van dedicado \u00e9 a solu\u00e7\u00e3o ideal.\n <br/>\n Temos acesso a mais de 37.000 carrinhas espalhadas por toda a Europa, para que possamos recolher a sua carga\n a qualquer\n dia e a qualquer hora que escolher e entreg\u00e1-la no tempo que precisar.", "Customized pick-up and delivery time- Collection and deliveries on weekends, day and night -Same day collection available for urgent transport": "Tempo de recolha e entrega personalizado - Recolha e entregas nos fins de semana, dia e noite - Recolha no mesmo dia dispon\u00edvel para transporte urgente", "Transport of heavy and bulky items -No special\n packaging is required -Ideal for transporting fragile items": "Transporte de itens pesados e volumosos -Sem especial\n embalagem \u00e9 necess\u00e1ria -Ideal para o transporte de itens fr\u00e1geis", "James Kaljes (Founder and CO of Easy move Europe)": "James Kaljes (fundador e CO da Easy Move Europe)", "\u201cWith our friends of Easy move, we can put our cargo in their hands and focus on our\n business, as they are reliable and extremely professional.\n  <br/>\n With them, we don't have dissatisfied customers calling us asking where the cargo is\n or complaining about delays.\u201d": "\u201cCom os nossos amigos da Easy move, podemos colocar a nossa carga nas m\u00e3os deles e focar no nosso\n neg\u00f3cio, pois eles s\u00e3o confi\u00e1veis e extremamente profissionais.\n  <br/>\n Com eles, n\u00e3o temos clientes insatisfeitos nos ligando perguntando onde est\u00e1 a carga\n ou reclamando de atrasos.\u201d", "\u201cWe have already used Easy Move Europe's services 2 times for relocation and each\n time they have been extremely efficient\n <br/>\n And always go above and beyond expectations. I have already recommended it to\n several friends and they are all satisfied.\u201c": "\u201cJ\u00e1 usamos os servi\u00e7os da Easy Move Europe 2 vezes para realoca\u00e7\u00e3o e cada\n vez eles foram extremamente eficientes\n                                    <br/>\n                                    e sempre v\u00e3o al\u00e9m das expectativas. J\u00e1 o recomendei a\n v\u00e1rios amigos e todos est\u00e3o satisfeitos.\u201d", "rent a dedicated van with driver": "Carrinha reservada com motorista", "From (Pickup Country)": "De (Pa\u00eds de Pickup)", "To (Delivery Country)": "Para (Pa\u00eds de Entrega)", "Copyright": "Direitos do autor", "All Rights Reserved": "Todos os direitos reservados", "My account": "A minha conta", "No, we have other types, models and sizes of vans. The size you see in the description is an average, sizes may vary. We will always try to maintain the capacity contracted by you (13 and 19 cubic meters), so it is important that you provide us with as much information as possible about your cargo so that we can send you the appropriate van. To transport dangerous items we also have the ADR van and to transport perishable items that need controlled temperature, we have the refrigerated vans, which can be hired separately, just contact us via email or phone and we will provide you with a quote.": "N\u00e3o, temos outros tipos, modelos e tamanhos de vans. O tamanho que voc\u00ea v\u00ea na descri\u00e7\u00e3o \u00e9 uma m\u00e9dia, os tamanhos podem variar. Tentaremos sempre manter a capacidade contratada por si (13 e 19 metros c\u00fabicos), pelo que \u00e9 importante que nos forne\u00e7a o m\u00e1ximo de informa\u00e7\u00e3o poss\u00edvel sobre a sua carga para que possamos enviar-lhe a carrinha adequada. Para transportar itens perigosos, tamb\u00e9m temos a van ADR e d para transportar itens perec\u00edveis que precisam de temperatura controlada, temos as vans refrigeradas, que podem ser contratadas separadamente, basta entrar em contato conosco via e-mail ou telefone e forneceremos uma cota\u00e7\u00e3o.", "Day of collection": "Dia da coleta"}