{"About US": "Despre noi", "About Us": "Despre noi", "Easy Move Europe is a online digital platform that connects companies and private persons to a huge van network, simplifying and making relocation of personal and business assets affordable.": "Easy Move Europe este o platform\u0103 digital\u0103 online care conecteaz\u0103 companiile \u0219i persoanele private la o re\u021bea uria\u0219\u0103 de furgonete, simplific\u00e2nd \u0219i f\u0103c\u00e2nd relocarea activelor personale \u0219i de afaceri la pre\u021buri accesibile.", "It all came about when the company founder entered the US domestic moving business. After working 4 years in the sector, he moved to Romania, where he rejoined another transport company and acquired even more expertise in this business. After a few more years and being frustrated by the way companies failed to provide a high quality service and seeing a great opportunity there, he decided to let his entrepreneurial side speak louder and start his own business. There, Easy move Europe was born.": "Totul a venit atunci c\u00e2nd fondatorul companiei a intrat \u00een sua de afaceri interne \u00een mi\u0219care. Dup\u0103 ce a lucrat 4 ani \u00een acest sector, s-a mutat \u00een Rom\u00e2nia, unde s-a al\u0103turat unei alte companii de transport \u0219i a dob\u00e2ndit \u0219i mai mult\u0103 expertiz\u0103 \u00een aceast\u0103 afacere. Dup\u0103 \u00eenc\u0103 c\u00e2\u021biva ani \u0219i fiind frustrat de modul \u00een care companiile nu au reu\u0219it s\u0103 ofere un serviciu de \u00eenalt\u0103 calitate \u0219i v\u0103z\u00e2nd o mare oportunitate acolo, a decis s\u0103-\u0219i lase partea antreprenorial\u0103 s\u0103 vorbeasc\u0103 mai tare \u0219i s\u0103-\u0219i \u00eenceap\u0103 propria afacere. Acolo s-a n\u0103scut Easy Move Europe.", "We are currently able to meet any existing demand and the more than 37,000 vans that are part of our network give us the ability to offer our customers the best prices without compromising on quality. To support all of this we have a team of experts who really do what they love and are adequately compensated so they can go beyond the obvious.": "\u00cen prezent, suntem capabili s\u0103 satisfacem orice cerere existent\u0103, iar cele peste 37.000 de camionete care fac parte din re\u021beaua noastr\u0103 ne ofer\u0103 posibilitatea de a oferi clien\u021bilor no\u0219tri cele mai bune pre\u021buri f\u0103r\u0103 a compromite calitatea. Pentru a sprijini toate acestea, avem o echip\u0103 de exper\u021bi care fac cu adev\u0103rat ceea ce le place \u0219i sunt desp\u0103gubi\u021bi \u00een mod adecvat, astfel \u00eenc\u00e2t s\u0103 poat\u0103 dep\u0103\u0219i ceea ce este evident.", "\"In business and relationships, my rule is to act with others the way we would like others to act with me, because that way we will always be fair\u201d": "\"\u00cen afaceri \u0219i rela\u021bii, regula mea este s\u0103 ac\u021bionez cu ceilal\u021bi a\u0219a cum ne-am dori ca al\u021bii s\u0103 ac\u021bioneze cu mine, pentru c\u0103 \u00een acest fel vom fi \u00eentotdeauna corec\u021bi\"", "Vans across Europe": "EUROPENE.", "Logistics experts": "Exper\u021bi \u00een logistic\u0103", "Years of experience": "Ani de experien\u021b\u0103", "Happy clients": "clien\u021bi fericiti", "I am already member": "Sunt deja membru", "So we know where to contact you": "Deci, \u0219tim unde s\u0103 v\u0103 contact\u0103m", "I agree to join EasyMoveEurope\u2019s mailing list": "Sunt de acord s\u0103 m\u0103 al\u0103tur listei de discu\u021bii EasyMoveEurope", "Company details": "Detalii companie", "Enables long-term benefits & VAT deduction": "Permite beneficii pe termen lung", "Please input company name": "V\u0103 rug\u0103m s\u0103 introduce\u021bi numele companiei", "Please input contact name": "V\u0103 rug\u0103m s\u0103 introduce\u021bi numele de contact", "Please input company country": "V\u0103 rug\u0103m s\u0103 introduce\u021bi \u021bara companiei", "Vat ID not in valid format": "ID-ul TVA nu este \u00een format valid", "Tell us more about your company": "Spune-ne mai multe despre compania ta", "We will use this information to tailor your service experience": "Vom folosi aceste informa\u021bii pentru a v\u0103 adapta experien\u021ba de service", "&lt; 5": "NO QUERY SPECIFIED. EXAMPLE REQUEST: GET?Q=HELLO&LANGPAIR=EN|IT", "5-20": "5-20", "25+": "25", "Domestic": "Casnici\u00a0", "International": "Interna\u021bional", "Get\u2019s started": "\u00cencepe\u021bi", "Please Register to continue with us": "V\u0103 rug\u0103m s\u0103 v\u0103 \u00eenregistra\u021bi pentru a continua cu noi", "Already have an account?": "Ai deja un cont?", "Login": "Autentificare", "Create an account": "Creeaz\u0103 un cont", "Log In": "Intr\u0103 \u00een cont", "Don 't have an account?": "Nu ai un cont", "Register": "\u00cenregistrare", "Or login with": "Sau autentifica\u021bi-v\u0103 cu", "Forgot Password?": "Ai uitat parola", "You can reset your password here.": "V\u0103 pute\u021bi reseta parola aici.", "Sign up": "\u00cenregistrare", "Terms of service": "Condi\u021biile de utilizare", "Upcoming Booking": "Rezervare viitoare", "Previous Bookings": "Rezerv\u0103ri anterioare", "date": "Data", "Slot time": "Ora slotului", "9:30am - 11:30am": "09:30 - 11:30", "12:30pm - 2:30pm": "12:30 pm - 2:30 pm", "Registration Number": "Num\u0103r de \u00eenregistrare", "Price": "Pre\u021b", "Overview": "Prezentare general\u0103", "Upcoming Service": "Serviciul viitor", "Past Service": "Costul serviciilor trecute", "Sr.No.": "Nr. ser.", "Pickup": "Preluare", "Destination": "Destina\u021bie", "Date": "Data", "Value": "Valoare", "collection_day": "collection_day", "Account Details": "Detalii cont", "Profile Details": "Detalii Profil", "ID:": "ID:", "Company Name:": "Denumirea societ\u0103\u021bii", "Phone:": "Telefon:", "Company Country:": "\u021aara companiei:", "VAT-ID:": "Cod TVA:", "Close": "\u00cenchide", "Save changes": "Salveaz\u0103 modific\u0103rile", "Company Name": "Denumire societate", "Email": "Email", "Phone": "Telefon", "Company Country": "\u021aara companiei", "VAT-ID": "Cod TVA", "Password": "Parol\u0103", "Password:": "Parol\u0103:", "New Password:": "Parola Nou\u0103:", "Confirm Password:": "Confirm\u0103 noua parol\u0103", "Contact us": "Contacta\u021bi-ne", "Location:": "Loca\u021bie", "A108 Adam Street, New York, NY 535022": "A108 Adam Street, New York, NY 535022", "Email:": "E-mail:", "Call:": "Sun\u0103:", "Loading": "Se \u00eencarc\u0103", "Your message has been sent. Thank you!": "Mesajul a fost trimis cu succes. Mul\u021bumim!", "Send Message": "Trimitere mesaj", "New Order": "Comand\u0103 Nou\u0103", "Dedicated Van Service": "Serviciu dedicat pentru furgonete", "For residential or commercial move,": "Pentru mut\u0103ri reziden\u021biale sau comerciale,", "Type to search": "Introduce\u021bi textul pentru a c\u0103uta", "Austria": "Austria", "Belgium": "Belgia", "Bulgaria": "Bulgaria", "Croatia": "Croa\u021bia", "Czech Republic": "Republica Ceh\u0103", "Denmark": "Danemarca", "Estonia": "Estonia", "Finland": "Finlanda", "France": "Fran\u021ba", "Germany": "Germania", "Greece": "Grecia", "Hungary": "Ungaria", "Ireland": "Irlanda", "Italy": "Italia", "Latvia": "Letonia", "Lithuania": "Lituania", "Luxembourg": "Luxemburg", "Netherlands": "\u021a\u0103rile de Jos", "Norway": "Norvegia", "Poland": "Polonia", "Portugal": "Portugalia", "Romania": "Rom\u00e2nia", "Serbia": "Serbia", "Slovakia": "Slovacia", "Slovenia": "Slovenia", "Spain": "Spania", "Sweden": "Suedia", "Switzerland": "Elve\u021bia", "United Kingdom": "Regatul Unit", "Continue": "Continua\u021bi", "How it works": "Cum func\u021bioneaz\u0103", "Enter the addresses": "Introduce\u021bi adresele", "Get the price instantly": "Prime\u0219te imediat pre\u021bul", "Book the transport": "transport", "Prepare your goods": "Preg\u0103ti\u021bi-v\u0103 bunurile", "Collection": "Collection", "Delivery": "Livrare", "For your company or for a private move, the dedicated van service is the ideal solution.": "Pentru compania dvs. sau pentru o mutare privat\u0103, serviciul dedicat furgonetelor este solu\u021bia ideal\u0103.", "Advantages:": "Avantaje:", "Rodrigo Farias": "Rodrigo Farias", "Entrepreneu": "Entrepreneu", "Ava Williams": "Ava Devine", "Client from UK": "Client din Marea Britanie", "Frequently Asked Questions": "\u00centreb\u0103ri frecvente", "Hazardous goods:": "M\u0102RFURI PERICULOASE", "Illegal goods:": "M\u0103rfuri ilegale:", "Livestock:": "Animale", "Money:": "Bani:", "Securities:": "Garan\u021bii", "Contact details": "Date de contact", "Van Type": "Tip furgonet\u0103", "Add-ons": "Suplimente", "Content": "Con\u021binut", "EasyMoveEurope": "EasyMoveEurope", "Dashboard": "Panou de Control", "My Profile": "Profilul meu", "Useful Links": "Linkuri utile", "Home": "Acas\u0103", "About us": "Utile", "Terms and Conditions": "Termeni \u0219i condi\u021bii", "Contact Us": "Contacteaz\u0103-ne", "Contact": "Contact", "Open Account": "Deschidere Cont", "English": "Englez\u0103", "Deutsch": "Deutsch", "Italiano": "Italian\u0103", "Fran\u00e7ais": "Fran\u00e7ais", "Espa\u00f1ol": "Spaniol\u0103", "Polish": "Polon\u0103", "Romanian": "Rom\u00e2n", "No": "Nu", "Pickup Date": "Data prelu\u0103rii", "Order Number": "Num\u0103r comand\u0103", "To pay": "De plat\u0103", "Status": "Statut", "From": "De la", "To": "C\u0103tre", "Credit / Debit Card": "Card de credit/debit", "Proceed Payment With Debit / Card.": "Efectua\u021bi plata cu cardul /debitul.", "Bank Transfer": "Transfer Bancar", "Proceed Payment With Bank Transfer.": "Efectua\u021bi plata prin transfer bancar.", "Payment Details": "Detalii plat\u0103", "Name on Card": "Numele de pe Card", "Card Number": "Num\u0103r card", "CVC": "CVC", "Expiration Month": "Luna expirarii", "Expiration Year": "Anul expir\u0103rii", "Fix the errors before you begin.": "Remedia\u021bi erorile \u00eenainte de a \u00eencepe.", "Order Information": "Informa\u021bii despre comand\u0103", "Get a price": "Ob\u021bine un pre\u021b", "Who orders?": "Cine ordon\u0103?", "Company": "Societate", "Private Person": "Persoan\u0103 fizic\u0103", "Pickup Address": "Adresa de ridicare", "COUNTRY": "\u0162AR\u0102", "Please select the country": "V\u0103 rug\u0103m s\u0103 selecta\u021bi \u021bara", "FIND THE ADDRESS": "adres\u0103", "SENDER": "Expeditor", "PHONE NUMBER": "NUM\u0102R DE TELEFON", "Add another collection address": "Adaug\u0103 o alt\u0103 adres\u0103 de colectare", "Delivery Address": "Adresa de livrare", "Start typing your address": "\u00cencepe\u021bi s\u0103 introduce\u021bi adresa dvs.", "RECEIVER": "DESTINATAR", "Add another delivery address": "Adaug\u0103 alt\u0103 adres\u0103 de livrare", "Select Van Type": "Selecta\u021bi tipul de furgon", "Curtain sider": "Sider cortin\u0103", "Weight: 1000 kg": "Greutate: 1000 kg", "Capacity: 19 Cubic": "Capacitate: 19 Cubic", "Box": "C\u0103su\u021b\u0103", "Capacity: 13 Cubic": "Capacitate: 13 Cubic", "Extra Services:": "Servicii suplimentare", "Driver help - Loading": "Ajutor pentru \u0219ofer - Se \u00eencarc\u0103", "Driver help - Unloading": "Ajutor pentru \u0219oferi - Desc\u0103rcare", "Tail Lift": "Ridicarea cozii", "Cargo information": "Informa\u021bii privind \u00eenc\u0103rc\u0103tura;", "CARGO": "Marfa", "VALUE": "VALOARE", "Please enter the cargo value": "Introduce\u021bi valoarea \u00eenc\u0103rc\u0103turii", "Pickup options": "Op\u021biuni de preluare", "When do you want the pickup to take place?": "C\u00e2nd vrei s\u0103 aib\u0103 loc preluarea?", "PICK-UP DATE": "Data ridicare", "Please enter the pickup date": "Introdu data prelu\u0103rii", "NAME & SURNAME": "DENUMIRE", "EMAIL ADDRESS": "EMAIL ADDRESS", "SPECIAL NOTES - OPTIONAL": "NOTE SPECIALE - OP\u021aIONAL", "Distance:": "Distan\u0163\u0103:", "Duration:": "Durat\u0103:", "or": "sau", "Curtain side": "Partea cortinei", "Box van": "autoutilitara furgon", "Curtain side is best for:": "Partea cortinei este cea mai bun\u0103 pentru:", "Pallet shipment / custom loads": "Transportul de pale\u021bi/\u00eenc\u0103rc\u0103turi personalizate", "Rear loading / side loading": "Sarcin\u0103 spate/\u00eenc\u0103rcare lateral\u0103", "Curtain-Side van + Tail Lift:": "Ridicarea cozii furgonului pe partea cortinei:", "Box van is best for:": "Furgoneta este cea mai bun\u0103 pentru:", "Rear loading": "Sarcin\u0103 spate", "Type": "Tip", "Curtain Sider is best for:": "Cortina Sider este cea mai bun\u0103 pentru:", "VAT Exemption": "Scutirea de TVA", "Privacy and Condition": "Confiden\u021bialitate \u0219i condi\u021bii", "General terms": "Termeni generali", "Cancellation and Refund": "6. ANULARE \u0218I Rambursare", "Help to Load/Unload": "Ajutor pentru \u00eenc\u0103rcare/desc\u0103rcare", "About Insurance": "Despre Asigur\u0103ri", "Types of vans and measurements": "Tipuri de furgonete \u0219i m\u0103sur\u0103tori", "Data protection": "Protec\u021bia datelor", "Name:": "Nume:", "Full Name": "Full Name (Numele complet)", "For your Company or a Private Move - have a vehicle dedicated to you.": "Pentru compania dvs. sau pentru o mutare privat\u0103 - ave\u021bi un vehicul dedicat dvs.", "You can move anything in Europe with a van dedicated only for your cargo. For your company or for a private move, the dedicated van service is the ideal solution.": "Pute\u021bi muta orice \u00een Europa cu o camionet\u0103 dedicat\u0103 doar \u00eenc\u0103rc\u0103turii dumneavoastr\u0103. Pentru compania dvs. sau pentru o mutare privat\u0103, serviciul dedicat furgonetelor este solu\u021bia ideal\u0103.", "We have access to more than 37,000 vans spread across Europe, so we can collect your cargo any day and any time that you choose and deliver it in the time you need.": "Avem acces la peste 37.000 de autoutilitare r\u0103sp\u00e2ndite \u00een \u00eentreaga Europ\u0103, astfel \u00eenc\u00e2t s\u0103 putem colecta \u00eenc\u0103rc\u0103tura dvs. \u00een orice zi \u0219i \u00een orice moment pe care \u00eel alege\u021bi \u0219i s\u0103 o livr\u0103m \u00een timpul necesar.", "Customized pick-up and delivery time": "Timp de preluare \u0219i livrare personalizat", "Collection and deliveries on weekends, day and night": "Colectare \u0219i livr\u0103ri \u00een weekend, zi \u0219i noapte", "No special packaging is required": "Nu este necesar un ambalaj special", "Ideal for transporting fragile items": "Ideal pentru transportul obiectelor fragile", "Get started for free!": "\u00cencepe\u021bi gratuit!", "What will you be using EasyMoveEurope for?": "Pentru ce ve\u021bi folosi EasyMoveEurope?", "Work & Business": "Serviciu", "Long-term benefits & VAT deduction": "Beneficii pe termen lung", "Personal needs": "Nevoi personale", "You will be shipping as an individual": "Ve\u021bi fi expediat ca persoan\u0103 fizic\u0103", "With the dedicated van delivery, you do not need to package your shipment in any specific way. The shipper is able to accommodate the goods in the van however they like, packed or not. However, note that in the movement of the van on the highway one item can crash into the other causing damage and no one wants that to happen, so we still recommend protecting your goods for transport to avoid damage.": "Cu livrarea furgonetei dedicate, nu este nevoie s\u0103 v\u0103 ambala\u021bi expedierea \u00eentr-un mod specific. Expeditorul este capabil s\u0103 g\u0103zduiasc\u0103 m\u0103rfurile \u00een camionet\u0103 oricum doresc, ambalate sau nu. Cu toate acestea, re\u021bine\u021bi c\u0103, \u00een mi\u0219carea camionului pe autostrad\u0103, un element se poate pr\u0103bu\u0219i \u00een cel\u0103lalt, provoc\u00e2nd daune \u0219i nimeni nu dore\u0219te s\u0103 se \u00eent\u00e2mple acest lucru, a\u0219a c\u0103 v\u0103 recomand\u0103m s\u0103 v\u0103 proteja\u021bi bunurile pentru transport pentru a evita deteriorarea.", "For transport within the EU, no special documentation is usually required, but when the country of origin or destination is not part of the European Union, the customer always needs to prepare the documentation in advance. Each country has different rules, so you can consult us and we will guide you through this process.\n In some cases you will be able to prepare the necessary documentation only with our help, but most of the time it is a broker that will carry out this work.": "Pentru transportul \u00een interiorul UE, de obicei, nu este necesar\u0103 o documenta\u021bie special\u0103, dar atunci c\u00e2nd \u021bara de origine sau de destina\u021bie nu face parte din Uniunea European\u0103, clientul trebuie \u00eentotdeauna s\u0103 preg\u0103teasc\u0103 documenta\u021bia \u00een avans. Fiecare \u021bar\u0103 are reguli diferite, astfel \u00eenc\u00e2t s\u0103 ne pute\u021bi consulta \u0219i v\u0103 vom ghida prin acest proces.\n \u00cen unele cazuri, ve\u021bi putea preg\u0103ti documenta\u021bia necesar\u0103 numai cu ajutorul nostru, dar de cele mai multe ori este un broker care va efectua aceast\u0103 lucrare.", "How to pack the goods for shipping?": "Cum s\u0103 \u00eempacheta\u021bi m\u0103rfurile pentru expediere?", "For transport within the EU, no special documentation is usually required, but when the country of origin or destination is not part of the European Union, the customer always needs to prepare the documentation in advance. Each country has different rules, so you can consult us and we will guide you through this process.\n  In some cases you will be able to prepare the necessary documentation only with our help, but most of the time it is a broker that will carry out this work.": "Pentru transportul \u00een interiorul UE, de obicei, nu este necesar\u0103 o documenta\u021bie special\u0103, dar atunci c\u00e2nd \u021bara de origine sau de destina\u021bie nu face parte din Uniunea European\u0103, clientul trebuie \u00eentotdeauna s\u0103 preg\u0103teasc\u0103 documenta\u021bia \u00een avans. Fiecare \u021bar\u0103 are reguli diferite, astfel \u00eenc\u00e2t s\u0103 ne pute\u021bi consulta \u0219i v\u0103 vom ghida prin acest proces.\n  \u00cen unele cazuri, ve\u021bi putea preg\u0103ti documenta\u021bia necesar\u0103 numai cu ajutorul nostru, dar de cele mai multe ori este un broker care va efectua aceast\u0103 lucrare.", "About custom procedures, when should I be concerned and who should take care of it for me?": "Despre procedurile vamale, c\u00e2nd ar trebui s\u0103 fiu \u00eengrijorat \u0219i cine ar trebui s\u0103 aib\u0103 grij\u0103 de ea pentru mine?", "Bonds, stocks, negotiable documents and all types of securities.": "Obliga\u021biuni, ac\u021biuni, documente negociabile \u0219i toate tipurile de valori mobiliare.", "Currencies, banknotes and coins.": "Monede, bancnote \u0219i monede.", "Live stock animals, horses, pets, mice, worms, insects.": "Animale vii, cai, animale de companie, \u0219oareci, viermi, insecte.", "Drugs, endangered species, other products illegal under EU laws.": "Droguri, specii pe cale de dispari\u021bie, alte produse ilegale \u00een conformitate cu legisla\u021bia UE.", "e.g. firearms, explosives, ammunition, hazardous materials, radioactives.": "de exemplu, arme de foc, explozibili, muni\u021bie, materiale periculoase, substan\u021be radioactive.", "What can\u2019t be shipped?": "Ce nu poate fi expediat?", "When you hire the help service, you need to consider that the driver will help to load/unload from the first floor level to the van and vice versa. For cases where loading/unloading is in apartments that do not have an elevator, you need to let us know in advance, as not all drivers are physically able to go up and down stairs.": "C\u00e2nd angajezi serviciul de asisten\u021b\u0103, trebuie s\u0103 iei \u00een considerare faptul c\u0103 \u0219oferul te va ajuta s\u0103 \u00eencarci/descarci de la primul etaj p\u00e2n\u0103 la furgonet\u0103 \u0219i invers. Pentru cazurile \u00een care \u00eenc\u0103rcarea/desc\u0103rcarea se face \u00een apartamente care nu au lift, trebuie s\u0103 ne anun\u021ba\u021bi \u00een prealabil, deoarece nu to\u021bi \u0219oferii sunt capabili fizic s\u0103 urce \u0219i s\u0103 coboare sc\u0103rile.", "How does the help service work?": "Cum func\u021bioneaz\u0103 serviciul de asisten\u021b\u0103?", "No, please note that the driver's main focus is driving and he will help load and/or unload the cargo if this is contracted to at the time you hire the transport.\n Please note that not all drivers are physically able to help, so you need to let us know in advance so that the ideal driver is chosen.": "Nu, v\u0103 rug\u0103m s\u0103 re\u021bine\u021bi c\u0103 \u0219oferul se concentreaz\u0103 \u00een principal pe conducere \u0219i va ajuta la \u00eenc\u0103rcarea \u0219i/sau desc\u0103rcarea \u00eenc\u0103rc\u0103turii dac\u0103 acest lucru este contractat \u00een momentul \u00een care \u00eenchiria\u021bi transportul.\n Re\u021bine c\u0103 nu to\u021bi \u0219oferii te pot ajuta fizic, a\u0219a c\u0103 trebuie s\u0103 ne anun\u021bi din timp pentru a alege \u0219oferul ideal.", "Will the driver always help to load/unload the load?": "\u0218oferul va ajuta \u00eentotdeauna la \u00eenc\u0103rcarea/desc\u0103rcarea \u00eenc\u0103rc\u0103turii?", "Do you have only these two types of vans and measurements?": "Ave\u021bi doar aceste dou\u0103 tipuri de furgonete \u0219i m\u0103sur\u0103tori?", "Yes, every shipment with our dedicated van delivery is covered by CMR conventions and extended liability is also available (for commercial shipments). The value is currently around 10 euros per kilo and apply to occurrence of theft, damaged goods, gross negligence in international and domestic transport.": "Da, fiecare expediere cu livrarea furgonetei noastre dedicate este acoperit\u0103 de conven\u021biile CMR \u0219i r\u0103spunderea extins\u0103 este, de asemenea, disponibil\u0103 (pentru transporturile comerciale). Valoarea este \u00een prezent \u00een jur de 10 de euro pe kilogram \u0219i se aplic\u0103 \u00een caz de furt, bunuri deteriorate, neglijen\u021b\u0103 grav\u0103 \u00een transportul interna\u021bional \u0219i intern.", "Is there any insurance included when I hire the van service?": "Exist\u0103 vreo asigurare inclus\u0103 atunci c\u00e2nd angajez serviciul van?", "You can move anything in Europe with a van dedicated only for your cargo. For your company\n  or\n for a private move, the dedicated van service is the ideal solution.\n <br/>\n We have access to more than 37,000 vans spread across Europe, so we can collect your cargo\n any\n day and any time that you choose and deliver it in the time you need.": "Pute\u021bi muta orice \u00een Europa cu o camionet\u0103 dedicat\u0103 doar \u00eenc\u0103rc\u0103turii dumneavoastr\u0103. Pentru compania dvs.\n  sau\n pentru o mutare privat\u0103, serviciul dedicat furgonetelor este solu\u021bia ideal\u0103.\n <br/>\n Avem acces la peste 37.000 de autoutilitare r\u0103sp\u00e2ndite \u00een \u00eentreaga Europ\u0103, astfel \u00eenc\u00e2t s\u0103 putem colecta \u00eenc\u0103rc\u0103tura dvs.\n \u00een orice\n zi \u0219i \u00een orice moment pe care \u00eel alege\u021bi \u0219i s\u0103 o livr\u0103m \u00een timpul necesar.", "Customized pick-up and delivery time- Collection and deliveries on weekends, day and night -Same day collection available for urgent transport": "Timp personalizat de preluare \u0219i livrare - Preluare \u0219i livr\u0103ri \u00een weekend, zi \u0219i noapte - Preluare \u00een aceea\u0219i zi disponibil\u0103 pentru transport urgent", "Transport of heavy and bulky items -No special\n packaging is required -Ideal for transporting fragile items": "Transportul obiectelor grele \u0219i voluminoase - Nu sunt speciale\n ambalajul este necesar -Ideal pentru transportul obiectelor fragile", "James Kaljes (Founder and CO of Easy move Europe)": "James Kaljes (fondator \u0219i CO al Easy Move Europe)", "\u201cWith our friends of Easy move, we can put our cargo in their hands and focus on our\n business, as they are reliable and extremely professional.\n  <br/>\n With them, we don't have dissatisfied customers calling us asking where the cargo is\n or complaining about delays.\u201d": "\u201eCu prietenii no\u0219tri de la Easy Move, putem s\u0103 ne punem \u00eenc\u0103rc\u0103tura \u00een m\u00e2inile lor \u0219i s\u0103 ne concentr\u0103m asupra afacerii noastre,\ndeoarece acestea sunt fiabile \u0219i extrem de profesionale.\n  <br/>\n Cu ei, nu avem clien\u021bi nemul\u021bumi\u021bi care s\u0103 ne \u00eentrebe unde este \u00eenc\u0103rc\u0103tura\n sau s\u0103 se pl\u00e2ng\u0103 de \u00eent\u00e2rzieri.\u201d", "rent a dedicated van with driver": "Furgonet\u0103 dedicat\u0103 cu \u0219ofer", "From (Pickup Country)": "De la (\u021aara de preluare)", "To (Delivery Country)": "C\u0103tre (\u021aara de livrare)", "Copyright": "Drepturi de autor", "All Rights Reserved": "Toate drepturile rezervate", "My account": "Contul meu", "No, we have other types, models and sizes of vans. The size you see in the description is an average, sizes may vary. We will always try to maintain the capacity contracted by you (13 and 19 cubic meters), so it is important that you provide us with as much information as possible about your cargo so that we can send you the appropriate van. To transport dangerous items we also have the ADR van and to transport perishable items that need controlled temperature, we have the refrigerated vans, which can be hired separately, just contact us via email or phone and we will provide you with a quote.": "Nu, avem alte tipuri, modele \u0219i dimensiuni de camionete. Dimensiunea pe care o vede\u021bi \u00een descriere este o medie, dimensiunile pot varia. Vom incerca intotdeauna sa mentinem capacitatea contractata de dumneavoastra (13 si 19 metri cubi), de aceea este important sa ne furnizati cat mai multe informatii despre marfa dumneavoastra, astfel incat sa va putem trimite autoutilitara corespunzatoare. Pentru a transporta obiecte periculoase avem \u0219i autoutilitara ADR an d pentru a transporta articole perisabile care au nevoie de temperatur\u0103 controlat\u0103, avem autoutilitarele frigorifice, care pot fi \u00eenchiriate separat, trebuie doar s\u0103 ne contacta\u021bi prin e-mail sau telefon \u0219i v\u0103 vom oferi o ofert\u0103 de pre\u021b.", "Day of collection": "Ziua colect\u0103rii"}